time,tavg,tmin,tmax,prcp,snow,wdir,wspd,wpgt,pres,tsun
2005-01-02,20.8,17.8,23.9,8.1,0.0,,11.4,,1019.5,0.0
2005-01-09,13.7,1.1,25.6,6.1,0.0,,9.0,,1022.0,0.0
2005-01-16,13.7,-1.1,26.1,0.0,0.0,325.2,11.8,,1022.2,0.0
2005-01-23,10.5,-1.7,23.3,0.0,0.0,,7.3,,1027.2,0.0
2005-01-30,11.1,0.0,26.7,40.3,0.0,,8.0,,1019.9,0.0
2005-02-06,8.5,2.2,20.6,19.3,0.0,,10.1,,1024.5,0.0
2005-02-13,12.6,5.0,25.6,11.0,0.0,,7.2,,1023.6,0.0
2005-02-20,16.0,7.2,27.8,3.8,0.0,,8.3,,1020.6,0.0
2005-02-27,15.2,6.1,26.7,24.7,0.0,,9.0,,1016.9,0.0
2005-03-06,13.3,6.7,20.0,37.9,0.0,,6.2,,1019.0,0.0
2005-03-13,17.9,5.0,29.4,1.3,0.0,337.4,9.7,,1014.3,0.0
2005-03-20,13.7,2.8,25.6,8.7,0.0,337.9,11.1,,1014.0,0.0
2005-03-27,17.2,6.1,27.8,47.0,0.0,,11.1,,1011.6,0.0
2005-04-03,18.1,3.9,29.4,14.5,0.0,,8.8,,1013.6,0.0
2005-04-10,20.3,9.4,28.9,9.4,0.0,,13.0,,1010.9,0.0
2005-04-17,19.7,10.6,30.0,0.0,0.0,,8.3,,1018.0,0.0
2005-04-24,21.0,7.8,31.1,1.6,0.0,,10.2,,1020.8,0.0
2005-05-01,20.0,7.8,34.4,7.4,0.0,,11.7,,1015.4,0.0
2005-05-08,20.0,12.2,28.3,38.2,0.0,,10.1,,1019.8,0.0
2005-05-15,24.3,15.0,30.0,1.3,0.0,,11.5,,1015.9,0.0
2005-05-22,25.4,14.4,36.1,0.0,0.0,,8.2,,1011.6,0.0
2005-05-29,26.3,18.3,34.4,39.4,0.0,,8.5,,1011.5,0.0
2005-06-05,26.4,17.8,33.9,23.4,0.0,,9.3,,1008.0,0.0
2005-06-12,29.2,23.3,34.4,0.0,0.0,,13.0,,1009.9,6.7
2005-06-19,29.3,22.8,36.1,0.0,0.0,,8.3,,1011.3,0.0
2005-06-26,28.3,19.4,35.6,0.0,0.0,,6.3,,1015.7,0.0
2005-07-03,30.6,22.2,38.9,0.0,0.0,,8.8,,1012.1,0.0
2005-07-10,30.3,20.6,40.0,6.4,0.0,,6.9,,1012.2,0.0
2005-07-17,29.2,21.1,38.3,43.7,0.0,,6.0,,1013.0,0.0
2005-07-24,29.4,23.9,36.1,14.0,0.0,,6.5,,1016.4,0.0
2005-07-31,28.8,21.1,36.7,5.8,0.0,,6.0,,1016.4,0.0
2005-08-07,28.2,20.0,36.7,31.5,0.0,,5.3,,1015.2,0.0
2005-08-14,27.5,21.1,36.1,30.3,0.0,,10.3,,1013.9,0.0
2005-08-21,29.3,23.9,37.8,0.3,0.0,,8.8,,1016.4,0.0
2005-08-28,30.6,23.3,38.9,0.0,0.0,,6.9,,1011.1,0.0
2005-09-04,29.1,21.1,38.9,0.5,0.0,,5.8,,1012.5,0.0
2005-09-11,27.2,20.6,36.7,20.6,0.0,,6.1,,1016.6,0.0
2005-09-18,28.2,22.2,36.1,15.5,0.0,,9.8,,1014.0,0.0
2005-09-25,30.1,21.1,41.7,0.0,0.0,,7.2,,1010.6,0.0
2005-10-02,28.6,21.1,41.7,0.0,0.0,,8.1,,1013.3,0.0
2005-10-09,22.2,11.1,35.0,3.1,0.0,,8.7,,1013.9,0.0
2005-10-16,21.8,15.0,31.1,30.8,0.0,,5.0,,1017.0,0.0
2005-10-23,22.1,10.0,33.3,0.0,0.0,,7.1,,1014.9,0.0
2005-10-30,16.1,5.6,27.8,0.0,0.0,,6.8,,1022.9,0.0
2005-11-06,19.2,6.1,30.6,11.4,0.0,,8.7,,1019.5,0.0
2005-11-13,23.7,14.4,31.1,0.0,0.0,,8.3,,1018.1,0.0
2005-11-20,14.0,-0.6,28.9,0.0,0.0,,9.8,,1024.1,0.0
2005-11-27,16.9,3.9,30.6,8.4,0.0,,7.5,,1015.2,0.0
2005-12-04,13.0,1.1,27.8,0.0,0.0,,8.7,,1014.9,0.0
2005-12-11,5.3,-5.0,22.2,2.0,0.0,,8.7,,1026.8,0.0
2005-12-18,10.4,3.3,21.7,0.3,0.0,,6.4,,1021.0,0.0
2005-12-25,11.0,0.6,23.3,0.0,0.0,,7.1,,1023.0,0.0
2006-01-01,17.5,2.8,29.4,0.0,0.0,,7.9,,1010.6,0.0
2006-01-08,15.6,1.7,30.0,0.0,0.0,,9.1,,1019.4,0.0
2006-01-15,15.2,3.3,26.7,0.0,0.0,,11.0,,1017.9,0.0
2006-01-22,13.3,2.2,25.6,12.2,0.0,,12.4,,1019.9,0.0
2006-01-29,13.8,3.3,26.7,33.5,0.0,,8.2,,1023.3,0.0
2006-02-05,14.4,2.8,26.1,3.0,0.0,,9.0,,1014.6,0.0
2006-02-12,11.3,-1.7,23.3,3.8,0.0,,10.5,,1025.9,0.0
2006-02-19,10.6,-2.2,27.8,1.4,0.0,351.0,12.9,,1022.3,0.0
2006-02-26,11.2,1.1,20.6,14.6,0.0,351.0,6.3,,1021.9,0.0
2006-03-05,19.8,6.1,30.6,0.0,0.0,,9.8,,1018.7,0.0
2006-03-12,22.4,9.4,32.8,7.4,0.0,,13.3,,1007.3,0.0
2006-03-19,17.5,7.8,26.1,19.9,0.0,,9.6,,1014.9,0.0
2006-03-26,12.2,1.1,25.0,78.7,0.0,,11.4,,1022.2,0.0
2006-04-02,21.2,13.9,32.2,85.6,0.0,,10.8,,1015.5,0.0
2006-04-09,22.8,10.0,33.9,0.0,0.0,,11.4,,1013.4,0.0
2006-04-16,23.3,13.3,35.0,0.0,0.0,,12.5,,1013.7,0.0
2006-04-23,24.7,15.6,37.2,52.3,0.0,,9.9,,1010.6,0.0
2006-04-30,21.7,11.1,31.1,21.1,0.0,,10.7,,1014.4,0.0
2006-05-07,23.9,16.1,32.2,121.1,0.0,,10.7,,1011.9,0.0
2006-05-14,23.9,11.1,33.9,10.7,0.0,,9.5,,1011.0,0.0
2006-05-21,24.3,13.3,35.6,0.0,0.0,,8.9,,1014.5,0.0
2006-05-28,27.4,20.0,35.6,1.5,0.0,,13.1,,1010.7,0.0
2006-06-04,25.3,19.4,35.0,13.2,0.0,,6.9,,1013.4,0.0
2006-06-11,28.9,20.6,36.7,0.0,0.0,,8.4,,1011.7,0.0
2006-06-18,29.0,19.4,38.3,49.8,0.0,,10.0,,1012.8,0.0
2006-06-25,27.4,21.1,35.0,18.7,0.0,,8.2,,1015.3,0.0
2006-07-02,26.6,17.2,34.4,8.1,0.0,,6.2,,1017.8,0.0
2006-07-09,27.4,22.2,36.7,3.3,0.0,,7.4,,1017.2,0.0
2006-07-16,30.1,23.9,38.3,0.0,0.0,,11.0,,1015.9,0.0
2006-07-23,30.6,23.9,39.4,0.5,0.0,,7.5,,1014.1,0.0
2006-07-30,29.3,22.8,38.3,0.3,0.0,,12.2,,1012.7,0.0
2006-08-06,30.2,23.9,38.3,0.0,0.0,,11.1,,1013.5,0.0
2006-08-13,30.5,23.9,38.9,0.0,0.0,,10.2,,1014.5,0.0
2006-08-20,31.4,24.4,40.0,0.0,0.0,,8.7,,1013.6,0.0
2006-08-27,31.4,24.4,40.0,0.0,0.0,,9.9,,1012.3,0.0
2006-09-03,29.1,19.4,38.9,5.6,0.0,,5.6,,1013.4,0.0
2006-09-10,25.5,18.3,36.1,7.9,0.0,,6.4,,1014.9,0.0
2006-09-17,27.0,16.7,36.7,17.5,0.0,,8.7,,1011.8,0.0
2006-09-24,25.4,13.9,36.7,50.8,0.0,,11.0,,1014.1,0.0
2006-10-01,24.9,14.4,33.9,0.0,0.0,,8.9,,1016.8,0.0
2006-10-08,26.0,15.6,34.4,0.0,0.0,,5.7,,1018.6,0.0
2006-10-15,21.9,13.3,33.3,42.0,0.0,,7.6,,1012.0,0.0
2006-10-22,19.9,7.2,32.8,31.0,0.0,,7.9,,1011.2,0.0
2006-10-29,17.4,6.7,30.6,26.9,0.0,,7.9,,1019.6,0.0
2006-11-05,16.6,6.7,30.0,0.3,0.0,,9.2,,1020.1,0.0
2006-11-12,19.6,5.0,32.8,0.8,0.0,,8.7,,1014.5,0.0
2006-11-19,16.5,3.9,29.4,0.0,0.0,,8.1,,1016.2,0.0
2006-11-26,16.0,2.8,26.7,0.0,0.0,,6.9,,1022.9,0.0
2006-12-03,13.2,-1.7,27.8,31.7,0.0,,11.7,,1021.0,3137.3
2006-12-10,9.3,-1.7,23.3,1.0,0.0,,7.9,,1031.0,2107.0
2006-12-17,17.4,6.1,26.7,0.0,0.0,,8.1,,1018.7,2989.0
2006-12-24,13.5,3.9,26.7,62.7,0.0,,7.5,,1019.0,1328.0
2006-12-31,11.5,0.6,22.2,42.9,0.0,,11.2,,1018.0,2524.0
2007-01-07,10.5,2.2,27.2,27.4,0.0,,8.9,,1019.3,2766.0
2007-01-14,11.6,2.2,22.8,99.9,0.0,,9.8,,1027.6,1811.0
2007-01-21,2.9,-1.7,18.9,37.0,25.0,,7.8,,1026.5,605.0
2007-01-28,8.2,1.7,20.6,11.4,0.0,,8.9,,1024.1,2228.0
2007-02-04,7.4,-2.2,20.0,1.0,0.0,,6.8,,1023.7,1517.0
2007-02-11,11.4,3.9,25.0,1.0,0.0,,8.6,,1025.4,1921.0
2007-02-18,7.6,-4.4,19.4,1.0,0.0,,12.0,,1022.8,3206.0
2007-02-25,17.6,5.6,28.3,0.5,0.0,,9.6,,1015.9,2943.0
2007-03-04,16.0,1.7,30.6,1.0,0.0,,10.3,,1015.2,3317.0
2007-03-11,17.5,1.1,29.4,30.5,0.0,,7.7,,1021.4,3564.0
2007-03-18,17.5,7.2,26.7,58.9,0.0,,6.9,,1020.7,1586.0
2007-03-25,21.3,18.9,27.8,4.6,0.0,,12.4,,1017.8,462.0
2007-04-01,20.8,11.1,28.9,56.0,0.0,,10.3,,1013.6,1772.0
2007-04-08,15.6,1.1,29.4,22.3,0.0,,9.2,,1019.1,1442.0
2007-04-15,16.9,6.7,28.9,4.0,0.0,,8.7,,1014.5,3501.0
2007-04-22,18.8,7.8,26.7,20.3,0.0,,8.7,,1013.6,2747.0
2007-04-29,22.2,11.1,29.4,5.3,0.0,,7.9,,1013.2,2609.0
2007-05-06,23.4,16.1,30.0,55.9,0.0,,9.0,,1010.1,739.0
2007-05-13,24.2,16.7,32.8,3.0,0.0,,5.9,,1014.2,3699.0
2007-05-20,23.4,15.6,32.2,15.0,0.0,,6.1,,1018.7,4286.0
2007-05-27,23.4,17.2,30.6,50.8,0.0,,8.6,,1014.4,675.0
2007-06-03,25.5,18.9,33.3,103.5,0.0,,6.8,,1012.5,3027.0
2007-06-10,27.0,18.9,33.9,0.5,0.0,,7.6,,1011.3,3187.0
2007-06-17,26.7,20.0,34.4,17.0,0.0,,5.6,,1011.4,3672.0
2007-06-24,26.0,20.6,34.4,31.4,0.0,,6.8,,1012.6,2001.0
2007-07-01,26.5,22.8,33.3,43.5,0.0,,8.1,,1013.8,2010.0
2007-07-08,25.4,21.7,32.2,49.5,0.0,,4.7,,1014.6,1773.0
2007-07-15,28.2,23.3,34.4,3.3,0.0,,6.8,,1014.7,3409.0
2007-07-22,25.5,21.1,33.9,110.9,0.0,,4.1,,1013.2,1627.0
2007-07-29,25.4,21.1,33.9,86.1,0.0,,2.2,,1014.1,1374.0
2007-08-05,28.1,22.2,35.0,0.8,0.0,,4.1,,1013.4,3950.0
2007-08-12,29.7,23.9,37.8,0.0,0.0,,6.5,,1014.3,5069.0
2007-08-19,29.2,23.3,37.8,25.9,0.0,,7.3,,1012.7,2820.0
2007-08-26,28.5,23.9,35.0,12.7,0.0,,6.5,,1014.1,3454.0
2007-09-02,26.9,21.1,35.0,56.6,0.0,,3.2,,1015.4,2937.0
2007-09-09,27.1,21.7,34.4,18.1,0.0,,6.0,,1014.0,2850.0
2007-09-16,26.3,20.0,34.4,44.0,0.0,,3.6,,1016.2,3455.0
2007-09-23,26.5,19.4,33.3,0.0,0.0,,4.1,,1015.4,3777.0
2007-09-30,26.8,19.4,35.0,6.3,0.0,,4.4,,1015.7,3600.0
2007-10-07,26.7,18.9,33.3,2.3,0.0,,4.0,,1013.1,3736.0
2007-10-14,25.1,17.2,33.3,0.3,0.0,,5.8,,1013.6,3510.0
2007-10-21,24.2,12.8,34.4,0.3,0.0,,6.4,,1010.8,3343.0
2007-10-28,16.4,6.7,27.8,25.9,0.0,,8.2,,1022.2,4112.0
2007-11-04,18.7,8.9,29.4,0.0,0.0,,3.2,,1022.4,4439.0
2007-11-11,20.3,12.2,30.0,0.0,0.0,,7.0,,1017.8,2084.0
2007-11-18,19.1,4.4,30.6,0.3,0.0,,5.9,,1019.3,2462.0
2007-11-25,12.7,2.8,31.7,28.2,0.0,,9.8,,1022.7,897.0
2007-12-02,14.4,2.2,28.9,1.0,0.0,,6.3,,1023.7,2438.0
2007-12-09,16.3,0.6,28.3,0.0,0.0,,7.6,,1017.8,2821.0
2007-12-16,10.1,-1.1,26.7,16.3,0.0,,7.0,,1023.6,1475.0
2007-12-23,12.5,-2.2,25.0,0.0,0.0,,6.0,,1018.4,3443.0
2007-12-30,9.2,-1.7,20.6,0.8,0.0,,6.6,,1017.9,3727.0
2008-01-06,10.5,-1.7,26.1,0.0,0.0,,8.8,,1030.5,2999.0
2008-01-13,14.4,2.8,26.7,0.3,0.0,,7.2,,1016.0,3291.0
2008-01-20,6.1,-3.9,17.2,8.2,0.0,,7.2,,1025.5,1973.0
2008-01-27,7.4,1.1,22.8,11.5,0.0,,5.7,,1026.4,714.0
2008-02-03,14.0,-2.2,27.2,1.0,0.0,,10.5,,1015.8,2689.0
2008-02-10,16.0,2.8,27.8,0.0,0.0,,7.8,,1015.5,2994.0
2008-02-17,14.1,2.8,26.1,11.7,0.0,,10.1,,1014.5,2071.0
2008-02-24,15.0,2.8,27.2,1.3,0.0,351.0,6.7,,1017.6,3323.0
2008-03-02,17.1,-0.6,33.3,0.0,0.0,277.5,11.5,,1016.5,2931.0
2008-03-09,10.9,0.6,26.1,19.6,0.0,308.8,11.3,,1017.1,2795.0
2008-03-16,18.2,6.1,35.6,24.4,0.0,,8.5,,1012.3,3141.0
2008-03-23,17.6,4.4,26.7,26.9,0.0,,12.1,,1016.2,3032.0
2008-03-30,19.1,8.3,29.4,1.1,0.0,,10.1,,1016.2,2001.0
2008-04-06,20.6,7.2,30.6,4.4,0.0,,9.1,,1014.0,2019.0
2008-04-13,21.4,9.4,32.2,7.4,0.0,,10.2,,1012.3,3525.0
2008-04-20,18.6,5.0,30.0,25.6,0.0,,9.3,,1016.2,3192.0
2008-04-27,23.8,12.8,33.3,52.8,0.0,,10.3,,1013.0,1323.0
2008-05-04,21.2,8.3,31.1,2.5,0.0,,8.8,,1013.5,3814.0
2008-05-11,25.0,17.2,36.1,7.4,0.0,,9.3,,1010.7,3165.0
2008-05-18,23.3,15.6,33.9,28.9,0.0,,7.0,,1014.5,2193.0
2008-05-25,29.3,15.6,38.3,0.8,0.0,,11.4,,1006.7,3966.0
2008-06-01,28.9,21.7,37.8,3.5,0.0,181.3,9.9,,1013.5,4214.0
2008-06-08,30.1,24.4,38.3,5.8,0.0,173.0,16.2,,1008.6,3491.0
2008-06-15,30.4,23.9,38.9,0.0,0.0,,12.0,,1012.3,3624.0
2008-06-22,29.7,20.0,39.4,0.0,0.0,,6.1,,1013.4,3859.0
2008-06-29,30.0,21.7,38.3,11.4,0.0,,10.9,,1014.8,3358.0
2008-07-06,27.5,20.6,36.7,1.5,0.0,,5.9,,1015.0,2868.0
2008-07-13,28.8,22.2,38.3,2.0,0.0,,8.1,,1014.7,3978.0
2008-07-20,29.9,22.8,40.6,0.0,0.0,,7.2,,1014.4,4169.0
2008-07-27,29.6,23.3,38.9,7.6,0.0,,8.2,,1012.5,3658.0
2008-08-03,31.1,23.9,40.6,0.0,0.0,,9.2,,1010.7,4846.0
2008-08-10,30.9,22.8,40.0,3.8,0.0,,7.7,,1011.9,4103.0
2008-08-17,29.0,22.8,38.3,3.4,0.0,,5.7,,1010.4,2366.0
2008-08-24,27.0,21.1,36.1,50.3,0.0,,4.9,,1011.2,1898.0
2008-08-31,28.6,22.8,36.7,3.3,0.0,,4.0,,1011.2,3785.0
2008-09-07,28.7,19.4,38.3,0.0,0.0,,7.0,,1009.9,5032.0
2008-09-14,29.2,23.3,37.2,0.3,0.0,,8.3,,1009.6,3675.0
2008-09-21,23.3,15.0,33.3,0.3,0.0,,4.9,,1019.3,4159.0
2008-09-28,25.8,16.7,34.4,0.0,0.0,,4.7,,1018.7,4310.0
2008-10-05,24.9,15.0,35.6,0.0,0.0,,6.6,,1016.2,4636.0
2008-10-12,23.7,12.2,32.8,23.9,0.0,,7.7,,1015.8,3644.0
2008-10-19,21.1,11.1,32.8,27.2,0.0,,5.5,,1021.2,2216.0
2008-10-26,19.4,5.6,30.0,0.0,0.0,,4.9,,1019.7,3521.0
2008-11-02,17.9,4.4,28.9,0.0,0.0,,5.6,,1027.8,3755.0
2008-11-09,18.9,6.7,30.0,0.3,0.0,,7.3,,1016.3,3099.0
2008-11-16,17.2,2.2,28.3,15.3,0.0,,6.8,,1016.4,2240.0
2008-11-23,14.0,3.3,26.1,1.3,0.0,,5.4,,1027.6,2601.0
2008-11-30,15.0,4.4,24.4,1.5,0.0,,5.7,,1017.0,1907.0
2008-12-07,10.9,-1.7,26.7,0.0,0.0,,9.0,,1022.7,3765.0
2008-12-14,13.0,0.6,27.2,6.6,0.0,,10.9,,1015.7,2638.0
2008-12-21,9.1,-1.7,26.1,2.6,0.0,18.2,7.1,,1025.8,339.0
2008-12-28,12.3,-2.2,26.7,1.1,0.0,130.5,8.7,,1020.7,1366.0
2009-01-04,13.6,0.6,28.3,0.0,0.0,200.4,6.1,,1017.2,3160.0
2009-01-11,11.8,1.7,27.2,15.3,0.0,327.9,7.8,,1018.6,2682.0
2009-01-18,9.6,-1.1,23.9,0.0,0.0,342.7,6.1,,1028.4,3262.0
2009-01-25,12.7,-0.6,26.7,0.0,0.0,,10.4,,1020.4,3388.0
2009-02-01,10.0,-2.2,25.6,3.6,0.0,,6.8,,1022.0,3175.0
2009-02-08,15.4,-1.1,25.6,0.0,0.0,,11.4,,1025.0,3175.0
2009-02-15,16.0,5.0,26.7,35.6,0.0,,8.7,,1017.7,2501.0
2009-02-22,13.8,1.1,27.8,1.8,0.0,,7.9,,1024.8,3137.0
2009-03-01,17.0,1.1,32.8,0.0,0.0,349.5,12.6,,1020.5,4077.0
2009-03-08,19.2,0.6,30.0,0.0,0.0,226.5,11.9,,1019.8,3329.0
2009-03-15,12.6,4.4,28.9,61.0,0.0,185.2,9.4,,1018.4,698.0
2009-03-22,19.7,6.1,29.4,0.0,0.0,,8.3,,1019.7,4054.0
2009-03-29,17.3,2.2,27.8,15.7,0.0,,9.8,,1012.0,2518.0
2009-04-05,18.9,7.2,30.6,8.1,0.0,329.7,11.3,,1011.2,3966.0
2009-04-12,18.1,3.9,35.0,10.7,0.0,326.7,8.3,,1016.2,3289.0
2009-04-19,19.3,6.7,28.3,34.5,0.0,,8.8,,1013.9,2658.0
2009-04-26,23.7,11.7,34.4,0.8,0.0,164.3,11.9,,1015.0,2897.0
2009-05-03,24.0,16.1,31.1,20.5,0.0,149.9,10.0,,1012.7,653.0
2009-05-10,26.3,14.4,36.1,0.0,0.0,,9.8,,1009.8,2430.0
2009-05-17,25.8,15.6,35.6,38.9,0.0,,11.8,,1013.5,2444.0
2009-05-24,22.5,11.1,31.7,4.1,0.0,,4.4,,1016.0,4287.0
2009-05-31,26.9,17.8,35.0,0.0,0.0,,6.0,,1011.2,3542.0
2009-06-07,27.0,16.1,36.7,1.5,0.0,,8.1,,1013.2,4173.0
2009-06-14,29.3,21.7,37.8,22.9,0.0,,11.4,,1011.0,3653.0
2009-06-21,30.4,24.4,38.9,0.0,0.0,,13.0,,1010.9,3130.0
2009-06-28,32.5,23.9,41.1,0.0,0.0,,6.1,,1009.5,4526.0
2009-07-05,30.8,22.2,41.1,12.2,0.0,,6.5,,1011.4,3988.0
2009-07-12,31.7,24.4,41.1,0.0,0.0,,7.8,,1012.8,4472.0
2009-07-19,31.8,23.3,40.6,0.0,0.0,,8.2,,1015.4,4873.0
2009-07-26,30.4,22.8,40.6,3.3,0.0,,7.5,,1012.7,2978.0
2009-08-02,30.9,22.8,40.6,0.8,0.0,,9.4,,1012.0,2491.0
2009-08-09,31.9,22.8,40.6,0.5,0.0,,9.3,,1014.4,5068.0
2009-08-16,30.9,22.2,40.6,0.0,0.0,,8.2,,1014.4,4519.0
2009-08-23,31.5,24.4,40.6,0.3,0.0,,8.2,,1012.0,4233.0
2009-08-30,29.9,21.7,40.0,18.8,0.0,,5.9,,1013.4,3062.0
2009-09-06,27.7,20.0,38.3,37.6,0.0,,4.9,,1015.6,2837.0
2009-09-13,25.1,21.1,35.6,63.8,0.0,,4.3,,1012.5,1644.0
2009-09-20,25.2,20.0,33.9,0.0,0.0,,7.4,,1013.4,2272.0
2009-09-27,22.4,14.4,35.6,65.8,0.0,,5.1,,1016.5,2415.0
2009-10-04,23.9,16.1,32.8,24.4,0.0,,5.7,,1012.4,1676.0
2009-10-11,20.8,11.7,32.8,47.5,0.0,,8.4,,1015.9,877.0
2009-10-18,20.8,11.7,33.3,8.9,0.0,,4.9,,1017.4,2619.0
2009-10-25,18.8,8.9,28.3,41.4,0.0,,8.9,,1015.3,3046.0
2009-11-01,16.5,7.8,27.8,59.6,0.0,,7.2,,1013.2,2622.0
2009-11-08,17.6,8.3,25.6,16.3,0.0,,2.9,,1023.8,1320.0
2009-11-15,19.1,11.1,26.1,0.0,0.0,,5.3,,1020.5,0.0
2009-11-22,14.0,4.4,23.3,47.5,0.0,,5.9,,1018.8,0.0
2009-11-29,13.8,4.4,23.3,3.6,0.0,,6.1,,1021.3,0.0
2009-12-06,6.2,-3.9,12.2,32.5,0.0,,8.2,,1020.6,0.0
2009-12-13,7.8,-0.6,20.6,4.6,0.0,,5.0,,1023.3,0.0
2009-12-20,9.4,0.6,18.9,15.0,0.0,,5.5,,1024.2,0.0
2009-12-27,10.2,-2.2,23.3,6.6,0.0,,8.4,,1015.4,0.0
2010-01-03,6.5,-1.7,21.7,11.5,0.0,,3.9,,1029.5,0.0
2010-01-10,2.0,-8.3,11.7,0.0,0.0,,7.2,,1033.6,0.0
2010-01-17,10.0,-2.8,18.9,58.2,0.0,,6.5,,1024.0,0.0
2010-01-24,16.0,5.6,24.4,0.0,0.0,,7.7,,1008.6,0.0
2010-01-31,9.2,-1.1,20.6,25.4,0.0,133.0,9.3,,1020.9,0.0
2010-02-07,7.9,1.1,16.1,38.3,0.0,,5.7,,1020.8,0.0
2010-02-14,6.0,-1.1,20.6,22.1,0.0,,8.4,,1022.2,0.0
2010-02-21,10.7,-1.1,24.4,1.5,0.0,,7.6,,1022.5,0.0
2010-02-28,8.0,0.0,18.9,16.2,0.0,,9.2,,1020.7,0.0
2010-03-07,12.5,2.2,21.7,14.5,0.0,129.2,9.1,,1017.7,0.0
2010-03-14,16.3,7.2,27.2,7.0,0.0,155.4,7.1,,1009.6,0.0
2010-03-21,12.6,2.8,23.9,51.9,0.0,,10.8,,1018.4,0.0
2010-03-28,15.7,3.9,27.8,10.9,0.0,,9.4,,1015.4,0.0
2010-04-04,19.9,7.8,28.9,0.3,0.0,161.5,10.9,,1013.3,0.0
2010-04-11,19.0,5.0,28.9,0.3,0.0,162.0,9.8,,1016.5,0.0
2010-04-18,19.5,14.4,26.7,48.2,0.0,,9.9,,1016.9,0.0
2010-04-25,20.0,12.2,31.1,5.3,0.0,,7.9,,1010.5,0.0
2010-05-02,21.8,9.4,31.1,0.5,0.0,,8.5,,1007.0,0.0
2010-05-09,23.6,12.2,35.6,0.3,0.0,161.1,8.5,,1013.7,0.0
2010-05-16,24.6,17.2,32.8,36.8,0.0,162.1,10.5,,1011.9,0.0
2010-05-23,26.1,18.9,33.3,9.7,0.0,,9.6,,1012.7,0.0
2010-05-30,27.0,19.4,35.6,0.5,0.0,,5.2,,1012.1,0.0
2010-06-06,26.8,19.4,36.1,27.9,0.0,,5.5,,1009.4,0.0
2010-06-13,28.3,21.7,34.4,36.6,0.0,,10.8,,1011.7,0.0
2010-06-20,28.9,23.9,35.0,17.5,0.0,,9.6,,1014.4,0.0
2010-06-27,29.5,23.9,37.2,0.0,0.0,,7.8,,1013.8,0.0
2010-07-04,27.2,23.3,37.2,90.4,0.0,,8.6,,1009.7,0.0
2010-07-11,28.0,23.3,35.0,24.1,0.0,,5.9,,1011.3,0.0
2010-07-18,29.6,23.9,36.7,0.3,0.0,,7.8,,1013.5,0.0
2010-07-25,28.7,23.3,36.1,14.7,0.0,,6.0,,1015.4,0.0
2010-08-01,28.2,22.8,38.9,24.9,0.0,,5.6,,1013.5,0.0
2010-08-08,30.8,23.3,38.9,0.0,0.0,,6.6,,1012.4,0.0
2010-08-15,31.1,24.4,39.4,0.0,0.0,,5.9,,1010.6,0.0
2010-08-22,31.5,25.0,40.6,0.0,0.0,,6.9,,1012.2,0.0
2010-08-29,30.1,18.9,41.7,0.0,0.0,,5.9,,1012.4,0.0
2010-09-05,28.7,21.1,38.3,109.8,0.0,,7.1,,1014.9,0.0
2010-09-12,27.6,22.8,35.0,192.3,0.0,,8.5,,1011.6,0.0
2010-09-19,27.1,20.0,34.4,7.6,0.0,,4.4,,1014.4,0.0
2010-09-26,25.3,16.7,33.3,25.7,0.0,,5.9,,1015.0,0.0
2010-10-03,22.5,12.8,31.7,0.0,0.0,,6.2,,1014.8,0.0
2010-10-10,19.8,9.4,30.0,0.0,0.0,,3.0,,1021.2,0.0
2010-10-17,21.4,10.6,31.7,0.5,0.0,,4.6,,1019.2,0.0
2010-10-24,23.7,17.2,30.6,1.6,0.0,,6.7,,1013.7,0.0
2010-10-31,20.2,4.4,31.7,0.0,0.0,,6.7,,1017.7,0.0
2010-11-07,15.3,3.3,28.9,5.6,0.0,343.1,7.9,,1021.5,0.0
2010-11-14,17.6,8.3,27.8,11.7,0.0,,7.6,,1018.0,0.0
2010-11-21,15.1,2.2,28.3,0.0,0.0,,7.8,,1017.2,0.0
2010-11-28,17.0,1.1,29.4,0.0,0.0,,9.9,,1018.8,0.0
2010-12-05,13.9,-0.6,26.7,0.0,0.0,,8.3,,1022.8,0.0
2010-12-12,10.4,1.1,23.3,0.0,0.0,,7.0,,1023.5,0.0
2010-12-19,11.1,-1.1,25.0,0.0,0.0,,7.6,,1017.2,0.0
2010-12-26,12.4,-2.2,26.1,13.7,0.0,341.8,8.3,,1021.5,0.0
2011-01-02,12.1,-1.7,23.9,6.3,0.0,338.4,6.8,,1023.7,0.0
2011-01-09,11.6,3.3,25.0,43.4,0.0,,4.7,,1018.0,0.0
2011-01-16,4.6,-2.2,10.6,30.7,0.0,,5.5,,1029.8,0.0
2011-01-23,8.8,-3.3,19.4,0.0,0.0,,6.5,,1015.8,0.0
2011-01-30,12.5,0.6,27.2,0.0,0.0,,5.9,,1018.8,0.0
2011-02-06,4.3,-8.3,25.6,5.3,0.0,,11.4,,1016.8,0.0
2011-02-13,6.0,-7.2,23.3,5.1,0.0,,8.3,,1025.7,0.0
2011-02-20,19.3,8.3,27.2,0.0,0.0,,10.8,,1015.4,0.0
2011-02-27,18.5,7.2,29.4,1.8,0.0,,8.2,,1016.1,0.0
2011-03-06,15.9,2.2,26.1,1.3,0.0,,8.9,,1018.9,0.0
2011-03-13,17.8,5.0,30.0,0.5,0.0,,11.2,,1022.0,0.0
2011-03-20,20.5,6.7,31.1,0.3,0.0,,12.2,,1019.6,0.0
2011-03-27,22.5,11.1,32.2,0.0,0.0,,11.1,,1011.0,0.0
2011-04-03,18.9,6.1,33.9,0.3,0.0,,8.3,,1012.2,0.0
2011-04-10,22.6,5.0,34.4,0.5,0.0,,13.6,,1012.6,0.0
2011-04-17,21.9,8.3,31.1,6.4,0.0,182.8,8.9,,1014.1,0.0
2011-04-24,27.0,21.7,35.0,0.0,0.0,178.6,13.6,,1008.6,0.0
2011-05-01,25.0,10.0,35.6,0.0,0.0,,11.3,,1011.1,0.0
2011-05-08,20.8,7.8,36.7,0.8,0.0,,10.0,,1017.8,0.0
2011-05-15,24.0,12.2,37.2,75.7,0.0,,9.8,,1010.4,0.0
2011-05-22,25.7,16.1,33.9,16.2,0.0,153.0,10.1,,1007.4,0.0
2011-05-29,29.0,20.0,37.8,0.0,0.0,154.5,13.1,,1007.0,0.0
2011-06-05,29.4,20.6,38.3,0.0,0.0,156.8,9.0,,1015.7,0.0
2011-06-12,30.0,21.7,39.4,0.0,0.0,,9.6,,1011.2,0.0
2011-06-19,31.5,23.9,41.1,0.0,0.0,,13.9,,1009.3,0.0
2011-06-26,29.8,19.4,38.9,51.0,0.0,,10.4,,1009.1,0.0
2011-07-03,30.7,23.3,38.9,0.0,0.0,,7.7,,1014.0,0.0
2011-07-10,31.1,22.8,38.9,0.0,0.0,,7.6,,1011.5,0.0
2011-07-17,31.7,24.4,40.0,0.3,0.0,,8.6,,1011.6,0.0
2011-07-24,31.6,25.6,40.6,0.0,0.0,,9.2,,1012.4,0.0
2011-07-31,32.0,24.4,40.6,1.0,0.0,,9.0,,1012.4,0.0
2011-08-07,33.3,25.6,41.7,0.0,0.0,,7.9,,1011.1,0.0
2011-08-14,32.4,25.6,41.1,0.0,0.0,,9.9,,1009.9,0.0
2011-08-21,32.8,23.9,41.7,0.0,0.0,,8.0,,1012.2,0.0
2011-08-28,32.8,23.3,44.4,0.0,0.0,,5.5,,1011.3,0.0
2011-09-04,32.8,24.4,42.8,0.0,0.0,,8.7,,1009.0,0.0
2011-09-11,27.3,16.1,40.0,0.0,0.0,,5.5,,1015.5,0.0
2011-09-18,29.2,21.1,40.6,4.1,0.0,,7.2,,1014.8,0.0
2011-09-25,27.9,15.0,40.6,0.0,0.0,,6.0,,1013.6,0.0
2011-10-02,27.4,14.4,40.0,0.5,0.0,,6.5,,1014.0,0.0
2011-10-09,25.0,13.3,35.0,55.6,0.0,,9.5,,1016.4,0.0
2011-10-16,24.0,12.2,31.7,0.0,0.0,,4.5,,1014.3,0.0
2011-10-23,20.6,6.7,32.2,0.0,0.0,,9.2,,1016.9,0.0
2011-10-30,18.2,6.7,31.1,0.0,0.0,,8.1,,1019.2,0.0
2011-11-06,17.0,2.2,30.0,0.3,0.0,346.4,9.5,,1018.9,0.0
2011-11-13,17.3,1.7,30.0,2.1,0.0,347.8,10.5,,1021.2,0.0
2011-11-20,18.9,6.1,28.3,17.3,0.0,,9.3,,1013.9,0.0
2011-11-27,15.6,3.9,26.1,54.4,0.0,,9.5,,1021.1,0.0
2011-12-04,12.2,0.6,22.8,46.2,0.0,,7.4,,1022.4,0.0
2011-12-11,6.3,-2.8,17.8,16.6,0.0,,7.8,,1026.6,0.0
2011-12-18,14.3,7.8,22.8,23.8,0.0,,9.7,,1029.2,0.0
2011-12-25,8.8,4.4,21.1,37.3,0.0,,8.9,,1021.6,0.0
2012-01-01,11.4,2.8,26.1,1.3,0.0,,6.9,,1022.0,0.0
2012-01-08,12.6,-0.6,23.3,1.3,0.0,,5.6,,1026.1,0.0
2012-01-15,9.4,-0.6,25.0,22.1,0.0,,9.2,,1021.8,0.0
2012-01-22,15.4,2.2,26.7,0.0,0.0,,8.7,,1016.8,0.0
2012-01-29,12.9,1.1,21.7,90.0,0.0,,7.9,,1020.7,0.0
2012-02-05,15.7,5.0,27.8,13.5,0.0,,8.0,,1019.6,0.0
2012-02-12,8.4,-1.7,19.4,4.1,0.0,,8.1,,1027.4,0.0
2012-02-19,13.1,3.9,25.6,63.6,0.0,,7.7,,1021.9,0.0
2012-02-26,15.8,3.9,33.3,0.0,0.0,,9.1,,1017.3,0.0
2012-03-04,18.1,5.6,28.3,2.3,0.0,166.7,8.7,,1015.8,0.0
2012-03-11,14.6,5.6,24.4,61.8,0.0,162.7,12.0,,1019.7,0.0
2012-03-18,21.3,10.6,27.8,0.0,0.0,,11.6,,1015.3,0.0
2012-03-25,18.0,9.4,28.3,72.4,0.0,,8.2,,1013.6,0.0
2012-04-01,22.2,15.0,31.1,4.8,0.0,,7.8,,1012.7,0.0
2012-04-08,23.2,13.9,33.3,2.0,0.0,,7.5,,1012.8,0.0
2012-04-15,22.8,14.4,30.0,3.0,0.0,,10.2,,1016.1,0.0
2012-04-22,20.5,10.6,32.8,0.5,0.0,,8.0,,1016.8,0.0
2012-04-29,24.1,12.8,34.4,0.0,0.0,,12.6,,1012.3,0.0
2012-05-06,26.1,18.9,35.6,20.3,0.0,,11.1,,1011.7,0.0
2012-05-13,21.9,16.1,33.3,87.5,0.0,,6.7,,1012.8,0.0
2012-05-20,23.2,15.0,31.7,30.8,0.0,,5.7,,1015.4,0.0
2012-05-27,26.8,18.9,33.3,0.0,0.0,,11.3,,1010.8,0.0
2012-06-03,27.6,20.6,34.4,0.0,0.0,,10.1,,1010.8,0.0
2012-06-10,27.9,19.4,36.1,0.3,0.0,,7.5,,1009.1,0.0
2012-06-17,29.0,21.1,38.3,0.8,0.0,,10.6,,1012.3,0.0
2012-06-24,29.0,21.1,38.3,0.6,0.0,,7.8,,1010.9,0.0
2012-07-01,30.1,22.8,42.8,9.7,0.0,,8.5,,1011.0,0.0
2012-07-08,29.7,22.8,37.8,0.3,0.0,,9.0,,1014.1,0.0
2012-07-15,26.5,20.0,37.2,138.0,0.0,,4.3,,1013.5,0.0
2012-07-22,28.5,20.6,37.8,0.0,0.0,,6.9,,1015.3,0.0
2012-07-29,29.6,22.8,37.8,0.0,0.0,,8.8,,1014.4,0.0
2012-08-05,30.4,23.3,38.9,0.0,0.0,,8.7,,1013.3,0.0
2012-08-12,31.1,22.8,41.7,0.8,0.0,,5.6,,1012.8,0.0
2012-08-19,30.0,21.1,39.4,30.7,0.0,,8.7,,1012.7,0.0
2012-08-26,28.2,21.7,36.7,0.3,0.0,,7.7,,1014.2,0.0
2012-09-02,30.4,22.8,39.4,0.0,0.0,,7.9,,1011.0,0.0
2012-09-09,29.8,19.4,39.4,0.0,0.0,,8.6,,1013.1,0.0
2012-09-16,24.2,16.1,37.2,88.5,0.0,,6.1,,1015.4,0.0
2012-09-23,24.4,16.1,33.9,0.0,0.0,,3.4,,1016.6,0.0
2012-09-30,25.3,17.8,33.3,56.4,0.0,,8.2,,1013.7,0.0
2012-10-07,20.8,10.0,32.2,0.0,0.0,,9.3,,1016.3,0.0
2012-10-14,22.6,10.0,31.1,18.5,0.0,,7.4,,1019.0,0.0
2012-10-21,21.6,10.0,32.8,3.0,0.0,,6.3,,1014.0,0.0
2012-10-28,19.4,6.1,31.7,2.8,0.0,,9.6,,1018.1,0.0
2012-11-04,19.2,4.4,31.1,0.0,0.0,,3.3,,1018.0,0.0
2012-11-11,20.9,9.4,30.0,0.0,0.0,,8.7,,1016.8,0.0
2012-11-18,12.7,3.9,24.4,0.0,0.0,,4.5,,1027.4,0.0
2012-11-25,17.2,7.8,28.3,0.0,0.0,,5.1,,1022.0,0.0
2012-12-02,17.5,2.8,29.4,0.0,0.0,,6.8,,1023.6,0.0
2012-12-09,19.4,9.4,27.2,0.0,0.0,,5.9,,1014.2,0.0
2012-12-16,12.2,-1.7,23.9,1.6,0.0,,6.7,,1018.7,0.0
2012-12-23,14.5,1.1,28.9,0.0,0.0,,8.2,,1020.3,0.0
2012-12-30,7.0,-2.8,20.0,0.3,0.0,,8.0,,1022.4,0.0
2013-01-06,6.3,-0.6,16.1,14.5,0.0,,5.9,,1027.7,0.0
2013-01-13,12.1,-0.6,23.9,63.5,0.0,,8.1,,1018.4,0.0
2013-01-20,8.2,-1.1,23.9,1.0,0.0,,8.0,,1025.8,0.0
2013-01-27,16.9,5.0,27.2,0.0,0.0,,6.8,,1020.4,0.0
2013-02-03,16.0,0.0,28.9,0.3,0.0,,9.1,,1021.0,0.0
2013-02-10,17.4,10.0,29.4,6.3,0.0,138.9,7.9,,1016.6,0.0
2013-02-17,12.1,1.7,22.2,1.8,0.0,159.5,8.2,,1020.6,0.0
2013-02-24,15.1,3.9,28.3,1.3,0.0,,10.9,,1016.0,0.0
2013-03-03,12.2,2.8,25.0,0.3,0.0,330.5,11.6,,1018.7,0.0
2013-03-10,16.1,4.4,31.7,26.2,0.0,344.5,11.8,,1017.2,0.0
2013-03-17,17.9,3.3,30.0,0.0,0.0,,10.3,,1020.1,0.0
2013-03-24,18.5,6.1,32.2,3.6,0.0,,10.6,,1011.5,0.0
2013-03-31,16.7,1.1,30.0,0.0,0.0,,9.5,,1021.4,0.0
2013-04-07,16.6,4.4,30.6,62.4,0.0,173.2,10.3,,1016.7,0.0
2013-04-14,18.6,6.1,30.6,9.1,0.0,191.2,11.7,,1009.0,0.0
2013-04-21,19.7,5.0,31.1,9.4,0.0,338.3,12.7,,1014.1,0.0
2013-04-28,19.7,7.2,30.6,0.8,0.0,,9.3,,1018.3,0.0
2013-05-05,19.4,6.7,31.7,0.0,0.0,,9.9,,1015.8,0.0
2013-05-12,21.5,10.0,31.1,33.6,0.0,,8.1,,1017.1,0.0
2013-05-19,25.5,11.7,35.6,4.6,0.0,,12.4,,1013.2,0.0
2013-05-26,25.6,16.1,34.4,115.0,0.0,,10.3,,1011.2,0.0
2013-06-02,27.1,19.4,35.0,0.8,0.0,,12.9,,1012.1,0.0
2013-06-09,27.0,17.2,36.1,4.1,0.0,,7.0,,1011.1,0.0
2013-06-16,28.5,21.7,36.7,0.5,0.0,,7.3,,1013.9,0.0
2013-06-23,29.8,21.1,37.2,9.1,0.0,173.6,10.2,,1013.8,0.0
2013-06-30,31.2,22.2,42.2,8.9,0.0,169.2,9.7,,1011.9,0.0
2013-07-07,29.0,19.4,38.9,0.0,0.0,,7.5,,1013.5,0.0
2013-07-14,30.8,23.3,40.6,1.8,0.0,,8.1,,1013.9,0.0
2013-07-21,26.6,21.1,35.6,52.1,0.0,,5.9,,1015.4,0.0
2013-07-28,29.9,23.3,37.8,20.1,0.0,,9.0,,1013.4,0.0
2013-08-04,31.4,23.9,39.4,0.0,0.0,,9.6,,1014.4,0.0
2013-08-11,31.8,24.4,41.1,0.0,0.0,,9.3,,1012.5,0.0
2013-08-18,29.7,20.6,41.7,4.6,0.0,,6.2,,1014.4,0.0
2013-08-25,30.1,22.2,38.3,0.0,0.0,,6.3,,1015.1,0.0
2013-09-01,30.0,22.8,40.6,2.3,0.0,,6.8,,1014.4,0.0
2013-09-08,29.9,23.3,40.0,4.5,0.0,,5.2,,1014.4,0.0
2013-09-15,28.3,22.8,37.2,9.4,0.0,,5.5,,1014.2,0.0
2013-09-22,26.3,16.1,35.6,84.4,0.0,,7.1,,1012.5,0.0
2013-09-29,26.1,14.4,36.7,49.6,0.0,,6.8,,1010.6,0.0
2013-10-06,25.2,12.8,33.9,10.9,0.0,,8.7,,1013.1,0.0
2013-10-13,22.9,11.7,33.3,159.3,0.0,,6.5,,1015.0,0.0
2013-10-20,18.1,6.7,29.4,32.6,0.0,,6.6,,1016.6,0.0
2013-10-27,19.4,11.7,27.8,16.0,0.0,,5.8,,1020.6,0.0
2013-11-03,20.5,7.8,28.9,118.6,0.0,,8.5,,1017.1,0.0
2013-11-10,16.7,5.6,26.7,9.7,0.0,,6.1,,1023.5,0.0
2013-11-17,16.0,0.6,32.2,0.0,0.0,,6.9,,1022.9,0.0
2013-11-24,13.4,1.7,27.2,53.4,0.0,,9.8,,1022.3,0.0
2013-12-01,8.9,0.0,22.8,24.1,0.0,,6.6,,1026.7,0.0
2013-12-08,9.5,-2.7,29.4,1.8,0.0,,8.1,,1014.0,0.0
2013-12-15,6.6,-1.6,16.7,4.8,0.0,310.2,5.9,,1030.1,0.0
2013-12-22,13.8,1.1,25.6,11.7,0.0,313.2,7.1,,1022.0,0.0
2013-12-29,8.9,-0.5,17.8,0.0,0.0,,4.7,,1026.9,0.0
2014-01-05,8.0,-2.1,21.7,0.0,0.0,,8.7,,1023.5,0.0
2014-01-12,10.5,-5.5,23.9,6.9,0.0,,6.6,,1027.3,0.0
2014-01-19,13.0,2.8,24.4,0.0,0.0,,7.0,,1022.2,0.0
2014-01-26,9.9,-3.2,27.8,2.8,0.0,,7.7,,1023.2,0.0
2014-02-02,9.5,-2.7,26.7,2.3,0.0,352.7,12.3,,1020.1,0.0
2014-02-09,4.8,-3.2,24.4,3.8,0.0,346.1,8.8,,1023.8,0.0
2014-02-16,10.7,0.0,30.0,2.5,0.0,,9.8,,1018.9,0.0
2014-02-23,19.4,5.0,30.0,0.0,0.0,,9.0,,1015.1,0.0
2014-03-02,12.3,-2.1,27.8,4.8,0.0,,9.5,,1020.6,0.0
2014-03-09,8.4,-4.3,19.4,27.9,0.0,,8.3,,1019.9,0.0
2014-03-16,15.7,2.8,28.3,2.1,0.0,189.9,9.8,,1017.8,0.0
2014-03-23,16.2,5.0,28.3,0.0,0.0,180.9,9.8,,1015.5,0.0
2014-03-30,17.4,6.7,31.7,0.3,0.0,,9.9,,1017.7,0.0
2014-04-06,19.8,11.1,30.0,5.1,0.0,,11.7,,1015.0,0.0
2014-04-13,19.8,7.2,30.6,6.9,0.0,,11.5,,1016.8,0.0
2014-04-20,16.4,3.9,25.6,35.8,0.0,,8.4,,1020.4,0.0
2014-04-27,24.0,15.0,35.6,0.3,0.0,,9.3,,1010.6,0.0
2014-05-04,22.2,11.1,34.4,0.0,0.0,,7.6,,1013.9,0.0
2014-05-11,24.3,15.6,33.9,1.5,0.0,,12.9,,1009.6,0.0
2014-05-18,20.6,7.8,30.0,89.7,0.0,182.9,11.2,,1018.3,0.0
2014-05-25,24.7,18.9,31.7,4.8,0.0,182.3,12.1,,1015.5,0.0
2014-06-01,24.3,17.2,34.4,84.1,0.0,,5.5,,1011.2,0.0
2014-06-08,27.4,22.8,33.3,0.0,0.0,,10.8,,1010.9,0.0
2014-06-15,27.0,17.8,34.4,51.8,0.0,,8.6,,1011.0,0.0
2014-06-22,27.9,23.9,33.3,0.8,0.0,,11.6,,1014.4,0.0
2014-06-29,27.1,20.0,35.0,25.7,0.0,,10.9,,1012.9,0.0
2014-07-06,27.9,20.6,36.1,1.8,0.0,,7.8,,1016.9,0.0
2014-07-13,29.0,21.7,37.8,0.0,0.0,,8.2,,1016.2,0.0
2014-07-20,27.1,21.1,38.3,137.7,0.0,,6.0,,1013.0,0.0
2014-07-27,29.8,23.3,36.7,2.3,0.0,,7.0,,1014.9,0.0
2014-08-03,28.4,20.0,37.2,0.0,0.0,,7.0,,1015.6,0.0
2014-08-10,30.5,22.2,38.9,0.0,0.0,,7.5,,1013.8,0.0
2014-08-17,30.0,20.6,40.0,1.3,0.0,,7.3,,1014.1,0.0
2014-08-24,31.1,23.9,39.4,0.0,0.0,,11.2,,1013.1,0.0
2014-08-31,29.7,23.3,38.3,1.8,0.0,,7.5,,1013.0,0.0
2014-09-07,29.1,22.8,38.3,36.1,0.0,,8.1,,1014.8,0.0
2014-09-14,26.2,15.6,37.2,30.3,0.0,,7.7,,1015.0,0.0
2014-09-21,26.3,20.6,34.4,111.0,0.0,,4.1,,1016.6,0.0
2014-09-28,24.1,15.6,32.8,0.0,0.0,,4.6,,1017.7,0.0
2014-10-05,24.8,15.0,33.3,0.8,0.0,,7.7,,1014.5,0.0
2014-10-12,24.8,15.0,34.4,36.4,0.0,,8.8,,1013.9,0.0
2014-10-19,21.7,10.6,31.1,2.3,0.0,,6.5,,1016.0,0.0
2014-10-26,22.3,14.4,31.1,0.0,0.0,,3.5,,1017.8,0.0
2014-11-02,19.7,8.3,30.0,7.6,0.0,,6.8,,1020.3,0.0
2014-11-09,16.5,8.3,24.4,53.6,0.0,,6.6,,1020.5,0.0
2014-11-16,8.0,-1.0,24.4,0.8,0.0,,9.9,,1025.1,0.0
2014-11-23,12.8,-1.0,27.2,92.5,0.0,,7.2,,1019.1,0.0
2014-11-30,14.5,3.3,26.1,0.0,0.0,,7.7,,1022.5,0.0
2014-12-07,13.3,3.9,23.9,1.8,0.0,,6.6,,1026.7,0.0
2014-12-14,15.6,6.1,23.3,3.3,0.0,,6.0,,1022.3,0.0
2014-12-21,11.9,7.8,23.3,17.5,0.0,,7.0,,1018.5,0.0
2014-12-28,11.0,0.0,25.0,4.4,0.0,,9.6,,1017.3,0.0
2015-01-04,5.7,-1.0,19.4,40.4,0.0,,8.2,,1026.0,0.0
2015-01-11,4.1,-4.9,21.7,12.4,0.0,,6.9,,1033.7,0.0
2015-01-18,8.2,1.7,22.2,0.0,0.0,,6.8,,1027.1,0.0
2015-01-25,10.7,2.2,26.7,66.9,0.0,,8.7,,1018.2,0.0
2015-02-01,15.0,5.6,28.3,8.4,0.0,,8.1,,1024.5,0.0
2015-02-08,9.3,0.6,25.6,8.1,0.0,,6.8,,1024.7,0.0
2015-02-15,15.9,3.9,28.3,0.0,0.0,,6.7,,1021.7,0.0
2015-02-22,11.8,0.0,25.6,0.8,0.0,,10.8,,1019.3,0.0
2015-03-01,2.6,-1.0,17.2,5.7,0.0,,9.5,,1020.9,0.0
2015-03-08,8.0,-3.2,21.1,19.3,0.0,,6.5,,1030.0,0.0
2015-03-15,14.9,9.4,25.6,55.6,0.0,,7.2,,1021.6,0.0
2015-03-22,18.7,11.1,28.3,44.2,0.0,,6.3,,1018.4,0.0
2015-03-29,19.4,7.8,28.9,1.3,0.0,,10.3,,1017.0,0.0
2015-04-05,20.9,13.3,30.0,0.5,0.0,,10.4,,1017.5,0.0
2015-04-12,21.9,13.3,30.6,2.6,0.0,,9.9,,1015.6,0.0
2015-04-19,21.1,12.2,31.7,27.5,0.0,,7.3,,1011.7,0.0
2015-04-26,22.8,10.6,33.9,13.9,0.0,,8.9,,1010.0,0.0
2015-05-03,20.0,9.4,29.4,14.2,0.0,,7.4,,1015.0,0.0
2015-05-10,24.5,18.9,30.6,106.2,0.0,,13.1,,1012.9,0.0
2015-05-17,22.3,17.8,30.6,121.5,0.0,,8.7,,1013.8,0.0
2015-05-24,23.1,16.7,31.7,64.8,0.0,,9.3,,1016.6,0.0
2015-05-31,24.2,17.8,31.7,154.2,0.0,,6.8,,1014.6,0.0
2015-06-07,26.1,17.8,32.8,0.0,0.0,,5.4,,1014.3,0.0
2015-06-14,27.7,21.7,35.0,34.3,0.0,,8.2,,1010.8,0.0
2015-06-21,25.4,21.7,32.2,170.1,0.0,,6.5,,1014.4,0.0
2015-06-28,27.4,22.2,33.9,2.3,0.0,,5.9,,1017.2,0.0
2015-07-05,27.2,21.1,34.4,19.1,0.0,,8.7,,1015.5,0.0
2015-07-12,28.3,22.8,34.4,0.0,0.0,,11.1,,1015.5,0.0
2015-07-19,29.4,23.3,36.7,0.0,0.0,,9.8,,1013.1,0.0
2015-07-26,30.0,23.3,37.2,0.0,0.0,,9.3,,1012.7,0.0
2015-08-02,31.0,22.8,38.9,0.0,0.0,,6.9,,1013.8,0.0
2015-08-09,31.1,23.9,39.4,0.0,0.0,,9.5,,1011.8,0.0
2015-08-16,31.7,23.9,40.6,0.0,0.0,,5.3,,1013.4,0.0
2015-08-23,29.0,22.2,38.3,8.9,0.0,,8.3,,1012.8,0.0
2015-08-30,29.4,21.7,38.3,0.0,0.0,,5.2,,1015.7,0.0
2015-09-06,28.8,21.7,38.3,0.3,0.0,,8.1,,1013.3,0.0
2015-09-13,27.8,17.2,37.8,46.8,0.0,,6.5,,1014.0,0.0
2015-09-20,27.4,17.8,35.6,1.0,0.0,,7.8,,1014.0,0.0
2015-09-27,27.3,19.4,36.1,0.0,0.0,,4.2,,1014.4,0.0
2015-10-04,25.2,13.3,35.0,0.0,0.0,,4.9,,1013.0,0.0
2015-10-11,25.2,16.7,35.0,0.0,0.0,,4.5,,1017.0,0.0
2015-10-18,25.1,13.9,37.2,0.0,0.0,,6.5,,1018.2,0.0
2015-10-25,21.7,12.2,30.6,153.2,0.0,,10.4,,1017.7,0.0
2015-11-01,20.2,10.6,28.9,149.6,0.0,,7.4,,1012.7,0.0
2015-11-08,19.1,11.7,29.4,15.3,0.0,,7.4,,1018.5,0.0
2015-11-15,17.9,11.1,29.4,0.3,0.0,,6.6,,1020.0,0.0
2015-11-22,15.2,1.1,26.1,26.5,0.0,,6.4,,1015.7,0.0
2015-11-29,12.6,0.0,23.3,51.1,0.0,,8.0,,1020.6,0.0
2015-12-06,10.4,2.8,21.1,0.0,0.0,,3.3,,1025.2,0.0
2015-12-13,16.2,5.6,26.1,39.4,0.0,,6.6,,1013.2,0.0
2015-12-20,12.8,1.1,23.9,0.0,0.0,,7.1,,1017.9,0.0
2015-12-27,17.8,2.2,27.2,36.0,0.0,,7.6,,1009.6,0.0
2016-01-03,7.3,2.2,16.7,5.9,0.0,10.3,7.8,,1024.3,0.0
2016-01-10,9.3,0.6,22.8,3.3,0.0,10.0,6.2,,1017.3,0.0
2016-01-17,10.2,0.0,21.1,0.0,0.0,,4.4,,1018.3,0.0
2016-01-24,9.9,-0.5,21.1,0.3,0.0,,7.4,,1024.8,0.0
2016-01-31,13.7,0.0,30.0,0.0,0.0,,8.2,,1019.3,0.0
2016-02-07,11.5,0.0,25.0,0.0,0.0,,8.7,,1024.1,0.0
2016-02-14,15.6,3.3,28.3,0.0,0.0,,8.7,,1024.0,0.0
2016-02-21,18.8,6.1,27.8,0.3,0.0,,9.4,,1018.2,0.0
2016-02-28,13.9,3.3,25.6,33.8,0.0,,9.1,,1020.9,0.0
2016-03-06,19.3,7.2,28.3,0.0,0.0,,10.4,,1018.0,0.0
2016-03-13,18.7,13.3,29.4,80.6,0.0,,10.6,,1010.9,0.0
2016-03-20,19.5,5.6,33.3,2.3,0.0,,9.1,,1016.4,0.0
2016-03-27,16.2,1.7,27.8,5.1,0.0,,9.7,,1015.6,0.0
2016-04-03,17.9,6.7,30.0,9.9,0.0,,8.5,,1015.3,0.0
2016-04-10,20.1,8.9,29.4,0.5,0.0,,7.9,,1018.4,0.0
2016-04-17,20.1,12.2,31.7,80.8,0.0,,9.0,,1012.8,0.0
2016-04-24,21.0,12.8,28.9,53.8,0.0,,6.2,,1014.9,0.0
2016-05-01,24.2,16.7,32.2,37.1,0.0,,10.5,,1008.1,0.0
2016-05-08,21.0,12.2,31.7,2.8,0.0,,8.3,,1016.0,0.0
2016-05-15,24.0,16.7,32.8,43.5,0.0,,8.0,,1015.4,0.0
2016-05-22,22.1,16.1,30.6,73.0,0.0,,7.8,,1014.9,0.0
2016-05-29,25.2,18.3,32.8,27.5,0.0,,10.2,,1013.9,0.0
2016-06-05,24.2,18.3,31.7,92.4,0.0,,6.3,,1011.5,0.0
2016-06-12,27.4,20.6,34.4,0.0,0.0,,6.5,,1013.1,0.0
2016-06-19,29.4,23.9,36.1,0.0,0.0,,8.8,,1013.3,0.0
2016-06-26,28.8,23.9,35.6,0.5,0.0,,8.1,,1017.1,0.0
2016-07-03,29.1,21.7,38.3,8.4,0.0,,6.9,,1014.8,0.0
2016-07-10,30.5,25.0,37.8,1.0,0.0,,12.2,,1013.6,0.0
2016-07-17,30.7,24.4,38.3,0.0,0.0,,12.0,,1014.1,0.0
2016-07-24,31.1,24.4,38.9,0.0,0.0,,7.9,,1016.7,0.0
2016-07-31,28.6,23.3,38.9,48.2,0.0,,6.0,,1013.8,0.0
2016-08-07,30.8,23.9,37.8,0.0,0.0,,8.0,,1014.1,0.0
2016-08-14,30.3,21.7,40.6,25.9,0.0,,7.4,,1011.0,0.0
2016-08-21,25.0,21.7,33.9,140.2,0.0,,4.6,,1012.9,0.0
2016-08-28,27.9,22.2,34.4,6.1,0.0,,6.5,,1016.2,0.0
2016-09-04,27.6,22.8,35.6,4.1,0.0,,5.3,,1014.1,0.0
2016-09-11,28.2,20.6,35.6,1.6,0.0,,8.3,,1016.7,0.0
2016-09-18,28.7,21.1,36.7,0.0,0.0,,4.1,,1014.2,0.0
2016-09-25,28.2,21.1,37.2,20.4,0.0,,6.0,,1015.3,0.0
2016-10-02,22.0,14.4,31.7,31.0,0.0,,4.4,,1018.4,0.0
2016-10-09,24.7,14.4,33.3,0.0,0.0,,7.3,,1015.0,0.0
2016-10-16,24.0,11.1,34.4,4.3,0.0,,4.5,,1016.6,0.0
2016-10-23,23.2,8.3,34.4,0.0,0.0,,7.1,,1017.2,0.0
2016-10-30,23.4,16.1,31.1,0.0,0.0,,4.3,,1020.6,0.0
2016-11-06,22.4,15.0,32.8,43.8,0.0,,6.1,,1020.7,0.0
2016-11-13,17.8,12.2,25.0,18.7,0.0,,5.0,,1022.5,0.0
2016-11-20,17.4,1.7,30.0,0.0,0.0,,6.4,,1021.6,0.0
2016-11-27,17.3,6.7,25.0,16.5,0.0,,5.7,,1021.1,0.0
2016-12-04,13.8,2.8,26.1,47.8,0.0,,7.1,,1012.5,0.0
2016-12-11,8.6,0.6,19.4,16.5,0.0,32.7,7.4,,1023.3,0.0
2016-12-18,10.0,-3.2,25.0,0.0,0.0,301.8,8.9,,1024.2,0.0
2016-12-25,13.7,-4.9,26.7,0.3,0.0,291.1,7.3,,1024.0,0.0
2017-01-01,17.9,9.4,28.9,0.0,0.0,31.8,6.1,,1023.6,0.0
2017-01-08,6.7,-7.1,24.4,10.2,0.0,1.1,8.9,,1025.0,0.0
2017-01-15,17.4,6.1,27.2,33.8,0.0,0.4,9.9,,1017.2,0.0
2017-01-22,14.8,8.3,27.2,61.0,0.0,,7.4,,1009.6,0.0
2017-01-29,12.9,3.3,28.9,0.0,0.0,,8.7,,1020.4,0.0
2017-02-05,14.0,6.7,27.8,0.5,0.0,,6.6,,1020.8,0.0
2017-02-12,19.6,6.1,30.6,0.0,0.0,,7.5,,1012.2,0.0
2017-02-19,16.8,4.4,30.0,24.1,0.0,,10.9,,1015.4,0.0
2017-02-26,17.6,5.6,32.2,28.4,0.0,,7.4,,1012.2,0.0
2017-03-05,17.7,4.4,27.8,23.7,0.0,,9.0,,1021.3,0.0
2017-03-12,19.7,8.3,28.9,18.8,0.0,,8.3,,1019.9,0.0
2017-03-19,18.5,4.4,29.4,0.8,0.0,,8.4,,1021.2,0.0
2017-03-26,22.2,11.7,30.0,1.3,0.0,,11.3,,1016.0,0.0
2017-04-02,21.7,12.2,30.0,36.5,0.0,,10.1,,1009.1,0.0
2017-04-09,20.2,9.4,32.2,0.0,0.0,,8.5,,1014.2,0.0
2017-04-16,22.2,16.1,28.9,11.1,0.0,,8.9,,1017.6,0.0
2017-04-23,21.7,10.0,31.7,0.3,0.0,,9.0,,1015.9,0.0
2017-04-30,22.9,8.9,35.0,1.6,0.0,,11.4,,1005.7,0.0
2017-05-07,23.1,10.6,35.0,0.0,0.0,,10.0,,1013.8,0.0
2017-05-14,23.8,14.4,33.9,6.6,0.0,,8.6,,1012.6,0.0
2017-05-21,25.2,16.7,35.0,51.0,0.0,,11.4,,1009.5,0.0
2017-05-28,24.4,13.3,36.1,14.5,0.0,,8.8,,1011.0,0.0
2017-06-04,25.3,19.4,33.3,10.9,0.0,,4.4,,1013.0,0.0
2017-06-11,27.0,18.9,35.0,35.3,0.0,,8.0,,1010.6,0.0
2017-06-18,29.9,23.9,38.3,0.0,0.0,,11.8,,1010.2,0.0
2017-06-25,29.1,22.2,40.0,4.4,0.0,,8.3,,1011.2,0.0
2017-07-02,28.6,21.7,37.8,27.5,0.0,,8.5,,1013.1,0.0
2017-07-09,30.7,23.9,38.3,0.5,0.0,,7.5,,1015.2,0.0
2017-07-16,30.0,20.0,39.4,4.1,0.0,,7.1,,1014.9,0.0
2017-07-23,30.9,24.4,40.0,1.0,0.0,,7.5,,1014.3,0.0
2017-07-30,31.6,23.9,41.7,0.3,0.0,,7.6,,1014.1,0.0
2017-08-06,30.0,23.9,38.9,0.8,0.0,,6.7,,1014.0,0.0
2017-08-13,29.4,20.6,38.3,61.2,0.0,,6.1,,1014.1,0.0
2017-08-20,31.3,24.4,38.9,0.0,0.0,,9.5,,1012.9,0.0
2017-08-27,27.6,21.1,37.8,201.6,0.0,33.0,10.1,,1012.6,0.0
2017-09-03,26.7,20.0,34.4,1.5,0.0,34.6,7.6,,1013.4,0.0
2017-09-10,25.1,13.9,35.6,0.0,0.0,,5.4,,1017.8,0.0
2017-09-17,26.3,16.1,34.4,0.0,0.0,,7.0,,1012.4,0.0
2017-09-24,28.0,22.8,35.6,0.5,0.0,,9.0,,1012.0,0.0
2017-10-01,24.3,16.7,32.8,51.0,0.0,,6.6,,1014.3,0.0
2017-10-08,25.8,20.0,32.8,16.3,0.0,,5.4,,1012.5,0.0
2017-10-15,23.9,13.9,33.3,0.3,0.0,,7.0,,1017.0,0.0
2017-10-22,20.8,9.4,31.7,18.5,0.0,,5.8,,1021.1,0.0
2017-10-29,16.1,3.9,28.3,0.0,0.0,,7.4,,1019.5,0.0
2017-11-05,21.4,8.9,31.1,9.7,0.0,,6.5,,1014.2,0.0
2017-11-12,17.3,7.8,31.1,3.0,0.0,,7.1,,1019.5,0.0
2017-11-19,20.7,6.1,29.4,0.0,0.0,,7.6,,1017.4,0.0
2017-11-26,15.0,3.3,27.2,0.0,0.0,,5.0,,1018.9,0.0
2017-12-03,17.5,7.8,26.7,0.3,0.0,,4.4,,1019.6,0.0
2017-12-10,10.5,-0.5,29.4,29.8,0.0,,8.1,,1024.1,0.0
2017-12-17,10.7,2.2,24.4,33.5,0.0,,5.6,,1022.4,0.0
2017-12-24,13.1,2.8,26.1,46.0,0.0,,5.6,,1020.5,0.0
2017-12-31,5.1,-2.7,17.2,0.0,0.0,,8.1,,1032.0,0.0
2018-01-07,6.0,-5.5,19.4,0.0,0.0,,6.3,,1030.5,0.0
2018-01-14,10.3,-1.6,22.2,0.0,0.0,,8.4,,1023.3,0.0
2018-01-21,7.2,-7.7,22.2,6.7,0.0,,7.4,,1029.9,0.0
2018-01-28,12.8,0.0,21.7,0.5,0.0,,6.8,,1025.1,0.0
2018-02-04,12.5,1.1,24.4,1.5,0.0,,8.3,,1023.5,0.0
2018-02-11,8.3,-0.5,17.8,6.4,0.0,,8.4,,1023.4,0.0
2018-02-18,13.0,-0.5,25.0,2.0,0.0,,6.4,,1022.5,0.0
2018-02-25,15.1,2.8,26.7,31.8,0.0,,9.8,,1014.5,0.0
2018-03-04,17.7,8.3,28.3,6.6,0.0,152.1,8.7,,1019.4,0.0
2018-03-11,18.3,8.3,32.2,0.0,0.0,153.5,10.2,,1017.3,0.0
2018-03-18,18.3,5.0,31.7,0.8,0.0,,7.6,,1018.0,0.0
2018-03-25,19.9,6.1,28.9,0.0,0.0,,9.8,,1015.6,0.0
2018-04-01,20.7,12.8,31.1,89.4,0.0,,10.1,,1016.4,0.0
2018-04-08,17.6,4.4,28.9,2.0,0.0,,10.5,,1014.6,0.0
2018-04-15,18.8,8.3,31.1,1.8,0.0,,10.4,,1016.1,0.0
2018-04-22,19.5,8.3,30.6,0.8,0.0,,9.8,,1018.9,0.0
2018-04-29,20.8,10.0,31.7,7.1,0.0,,5.0,,1017.1,0.0
2018-05-06,22.9,15.6,32.2,93.8,0.0,,10.2,,1016.8,0.0
2018-05-13,25.6,14.4,32.8,0.0,0.0,,10.0,,1014.9,0.0
2018-05-20,27.2,18.9,36.1,22.6,0.0,,8.9,,1010.9,0.0
2018-05-27,27.5,20.6,37.2,0.0,0.0,,7.1,,1012.4,0.0
2018-06-03,30.0,22.8,38.3,0.8,0.0,,9.1,,1009.5,0.0
2018-06-10,29.3,21.7,37.2,32.8,0.0,,9.3,,1012.0,0.0
2018-06-17,29.5,23.9,37.8,7.4,0.0,,10.5,,1012.0,0.0
2018-06-24,28.1,23.3,38.3,12.5,0.0,,9.3,,1010.4,0.0
2018-07-01,30.5,24.4,40.0,0.8,0.0,,11.8,,1013.2,0.0
2018-07-08,28.6,22.2,39.4,57.2,0.0,,6.1,,1015.9,0.0
2018-07-15,29.1,22.8,36.1,45.0,0.0,,7.0,,1016.3,0.0
2018-07-22,31.3,23.3,41.1,0.0,0.0,191.7,7.9,,1013.5,0.0
2018-07-29,32.2,23.3,43.3,0.0,0.0,129.2,6.2,,1013.7,0.0
2018-08-05,30.4,21.1,38.3,0.3,0.0,121.5,7.1,,1014.7,0.0
2018-08-12,29.2,23.3,38.9,8.1,0.0,165.0,7.5,,1015.3,0.0
2018-08-19,31.1,24.4,40.6,0.0,0.0,174.6,10.1,,1014.0,0.0
2018-08-26,32.0,25.0,40.0,0.0,0.0,172.9,7.9,,1015.0,0.0
2018-09-02,30.4,23.3,39.4,0.0,0.0,158.0,8.2,,1013.0,0.0
2018-09-09,26.5,22.8,36.1,77.7,0.0,61.1,4.4,,1013.6,0.0
2018-09-16,25.0,21.7,33.3,32.0,0.0,63.1,4.9,,1013.9,0.0
2018-09-23,26.0,20.0,35.0,56.1,0.0,153.8,5.3,,1013.1,0.0
2018-09-30,24.6,16.7,35.0,36.3,0.0,96.1,5.6,,1015.9,0.0
2018-10-07,26.6,21.7,32.8,15.0,0.0,153.3,7.4,,1015.0,0.0
2018-10-14,23.4,16.1,32.2,81.6,0.0,131.8,7.0,,1010.8,0.0
2018-10-21,13.8,6.7,23.3,78.3,0.0,2.0,8.3,,1023.1,0.0
2018-10-28,17.6,11.1,30.0,17.1,0.0,325.5,3.5,,1017.9,0.0
2018-11-04,19.1,7.8,28.9,15.7,0.0,219.3,7.5,,1015.0,0.0
2018-11-11,16.0,7.8,30.0,29.2,0.0,67.8,6.8,,1017.4,0.0
2018-11-18,9.0,-1.6,23.3,3.6,0.0,351.2,6.7,,1025.4,0.0
2018-11-25,13.1,4.4,26.1,0.0,0.0,325.6,5.7,,1019.7,0.0
2018-12-02,15.0,0.6,25.6,0.8,0.0,247.5,6.8,,1013.9,0.0
2018-12-09,9.5,2.8,17.2,74.2,0.0,23.3,8.0,,1024.5,0.0
2018-12-16,10.9,0.0,21.1,0.0,0.0,264.3,8.0,,1020.9,0.0
2018-12-23,13.1,3.3,27.2,2.0,0.0,207.7,6.3,,1017.7,0.0
2018-12-30,11.6,2.2,23.3,70.4,0.0,38.1,9.3,,1017.2,0.0
2019-01-06,8.1,0.0,23.9,66.8,0.0,284.6,6.7,,1018.9,0.0
2019-01-13,13.1,2.8,25.0,8.1,0.0,0.4,7.2,,1023.3,0.0
2019-01-20,10.8,0.0,25.0,1.0,0.0,335.9,6.5,,1023.2,0.0
2019-01-27,10.7,0.0,20.6,11.0,0.0,200.5,7.7,,1020.4,0.0
2019-02-03,12.9,2.2,24.4,0.8,0.0,133.4,6.6,,1019.1,0.0
2019-02-10,12.8,0.6,26.1,5.1,0.0,44.0,8.6,,1020.4,0.0
2019-02-17,13.7,0.0,32.8,1.3,0.0,265.4,7.6,,1014.0,0.0
2019-02-24,11.1,4.4,23.9,5.8,0.0,16.5,7.9,,1017.3,0.0
2019-03-03,11.0,0.6,26.1,2.5,0.0,69.5,7.6,,1019.7,0.0
2019-03-10,13.0,-3.2,30.6,1.0,0.0,167.9,9.5,,1020.8,0.0
2019-03-17,16.6,6.1,28.3,9.4,0.0,32.5,10.1,,1019.5,0.0
2019-03-24,18.0,7.8,28.3,0.0,0.0,131.6,6.5,,1021.2,0.0
2019-03-31,18.2,6.1,27.8,0.0,0.0,55.1,10.2,,1020.4,0.0
2019-04-07,18.2,4.4,33.3,121.2,0.0,110.6,7.3,,1016.5,0.0
2019-04-14,20.5,7.8,33.9,11.2,0.0,285.7,8.9,,1009.0,0.0
2019-04-21,20.3,8.3,29.4,14.5,0.0,203.1,11.0,,1013.8,0.0
2019-04-28,21.7,13.9,31.1,37.6,0.0,132.3,9.4,,1013.6,0.0
2019-05-05,22.9,15.6,30.0,87.4,0.0,117.5,10.2,,1011.8,0.0
2019-05-12,20.7,12.8,30.6,86.4,0.0,61.2,8.0,,1011.3,0.0
2019-05-19,24.8,13.3,32.8,1.5,0.0,139.0,7.6,,1011.7,0.0
2019-05-26,27.3,17.8,33.3,4.1,0.0,155.7,14.2,,1010.5,0.0
2019-06-02,27.2,22.2,34.4,12.2,0.0,127.8,8.5,,1010.8,0.0
2019-06-09,27.3,19.4,36.7,54.1,0.0,144.9,4.6,,1010.0,0.0
2019-06-16,26.7,18.9,35.0,6.6,0.0,76.6,8.0,,1015.3,0.0
2019-06-23,28.8,20.6,36.1,4.8,0.0,157.5,9.6,,1010.1,0.0
2019-06-30,26.1,19.4,35.6,47.6,0.0,159.4,6.4,,1016.4,0.0
2019-07-07,28.6,23.3,36.1,0.3,0.0,165.3,8.9,,1014.6,0.0
2019-07-14,29.9,22.2,37.8,9.7,0.0,261.4,6.5,,1011.7,0.0
2019-07-21,30.6,24.4,37.8,0.0,0.0,169.7,9.7,,1013.3,0.0
2019-07-28,28.9,17.2,38.3,0.0,0.0,99.9,6.5,,1017.1,0.0
2019-08-04,30.8,23.9,39.4,5.1,0.0,167.0,6.3,,1014.0,0.0
2019-08-11,31.8,25.0,40.6,0.0,0.0,172.2,8.4,,1012.2,0.0
2019-08-18,32.3,25.6,40.6,0.0,0.0,169.6,8.1,,1011.6,0.0
2019-08-25,30.7,23.9,39.4,33.0,0.0,165.1,7.3,,1012.3,0.0
2019-09-01,30.6,24.4,38.9,0.3,0.0,148.3,6.6,,1013.3,0.0
2019-09-08,31.5,23.3,39.4,0.0,0.0,126.6,6.0,,1014.8,0.0
2019-09-15,29.4,22.8,38.3,4.8,0.0,119.8,6.3,,1016.6,0.0
2019-09-22,29.6,23.3,38.3,8.6,0.0,107.5,8.3,,1012.8,0.0
2019-09-29,29.9,23.9,37.8,2.3,0.0,158.9,9.1,,1011.8,0.0
2019-10-06,29.5,22.2,37.2,0.5,0.0,144.2,7.6,,1014.3,0.0
2019-10-13,22.1,8.3,37.2,12.8,0.0,57.2,8.9,,1016.4,0.0
2019-10-20,23.0,10.6,35.6,28.7,0.0,139.3,4.8,,1011.9,0.0
2019-10-27,18.1,6.7,30.6,61.5,0.0,42.4,8.5,,1015.6,0.0
2019-11-03,11.5,-0.5,27.8,3.5,0.0,304.9,7.0,,1022.3,0.0
2019-11-10,16.8,6.1,29.4,6.1,0.0,328.2,5.7,,1021.4,0.0
2019-11-17,7.9,-1.0,23.9,5.5,0.0,136.6,5.5,,1025.0,0.0
2019-11-24,17.0,5.0,28.9,0.0,0.0,232.0,6.4,,1015.5,0.0
2019-12-01,17.1,8.9,31.1,5.1,0.0,270.2,7.7,,1014.3,0.0
2019-12-08,15.1,3.9,23.9,0.0,0.0,353.3,5.8,,1019.5,0.0
2019-12-15,13.2,1.7,28.3,9.4,0.0,196.6,5.5,,1017.3,0.0
2019-12-22,8.9,-1.0,21.1,9.9,0.0,329.2,6.0,,1026.0,0.0
2019-12-29,14.4,2.2,22.2,1.8,0.0,195.1,4.3,,1015.2,0.0
2020-01-05,12.3,2.8,24.4,0.0,0.0,328.7,5.9,,1018.9,0.0
2020-01-12,14.7,2.2,25.6,18.8,0.0,76.2,8.4,,1019.7,0.0
2020-01-19,15.9,5.0,27.8,11.0,0.0,16.9,5.7,,1022.5,0.0
2020-01-26,12.6,1.7,26.1,23.1,0.0,40.7,5.9,,1021.5,0.0
2020-02-02,12.5,5.6,27.2,7.7,0.0,327.8,7.9,,1018.7,0.0
2020-02-09,13.3,-0.5,26.1,2.5,0.0,5.5,9.9,,1012.8,0.0
2020-02-16,10.7,0.6,25.6,43.0,0.0,353.5,7.3,,1019.7,0.0
2020-02-23,13.1,2.2,26.7,12.5,0.0,54.3,9.0,,1022.9,0.0
2020-03-01,13.9,0.0,25.0,0.3,0.0,310.5,8.1,,1021.0,0.0
2020-03-08,16.9,7.2,26.1,36.3,0.0,51.2,8.0,,1019.4,0.0
2020-03-15,21.5,14.4,30.6,5.1,0.0,166.2,8.2,,1018.0,0.0
2020-03-22,18.7,8.9,29.4,47.3,0.0,87.3,8.9,,1019.1,0.0
2020-03-29,22.9,10.6,33.3,2.1,0.0,174.8,7.2,,1011.9,0.0
2020-04-05,16.5,7.2,25.6,55.9,0.0,50.0,6.7,,1014.9,0.0
2020-04-12,23.4,16.1,35.0,6.1,0.0,303.6,6.3,,1011.1,0.0
2020-04-19,16.1,6.1,34.4,1.3,0.0,23.2,7.9,,1017.2,0.0
2020-04-26,23.7,12.2,36.7,3.0,0.0,84.2,7.5,,1011.5,0.0
2020-05-03,25.0,12.8,35.0,18.0,0.0,174.9,10.9,,1014.6,0.0
2020-05-10,23.7,12.8,36.1,0.0,0.0,63.0,9.3,,1016.4,0.0
2020-05-17,24.0,15.0,33.9,132.1,0.0,126.1,8.2,,1012.4,0.0
2020-05-24,27.9,17.8,36.1,27.4,0.0,153.3,9.7,,1009.0,0.0
2020-05-31,24.3,16.7,32.8,39.6,0.0,18.8,5.5,,1014.0,0.0
2020-06-07,28.1,22.2,35.6,0.3,0.0,77.0,4.6,,1012.9,0.0
2020-06-14,28.4,17.2,37.8,0.0,0.0,20.6,5.2,,1015.3,0.0
2020-06-21,28.4,21.1,36.1,31.8,0.0,152.8,9.1,,1015.0,0.0
2020-06-28,27.3,21.7,34.4,35.8,0.0,122.0,8.1,,1012.4,0.0
2020-07-05,30.0,23.3,37.8,0.0,0.0,176.7,8.9,,1011.2,0.0
2020-07-12,31.3,25.6,40.6,0.0,0.0,172.7,9.3,,1012.2,0.0
2020-07-19,31.5,24.4,42.2,0.0,0.0,167.8,8.7,,1013.3,0.0
2020-07-26,30.0,23.9,38.3,4.6,0.0,88.7,7.7,,1012.6,0.0
2020-08-02,29.3,23.3,38.9,11.9,0.0,132.3,6.2,,1013.6,0.0
2020-08-09,31.0,22.8,40.0,0.0,0.0,166.4,7.7,,1015.0,0.0
2020-08-16,32.7,25.6,41.7,0.0,0.0,175.6,8.6,,1013.0,0.0
2020-08-23,30.1,20.0,40.0,31.8,0.0,50.2,4.9,,1012.5,0.0
2020-08-30,31.5,23.9,41.1,0.0,0.0,82.4,6.6,,1009.9,0.0
2020-09-06,28.1,22.2,40.0,78.0,0.0,80.5,6.1,,1013.7,0.0
2020-09-13,24.9,14.4,36.1,59.7,0.0,36.6,7.2,,1014.7,0.0
2020-09-20,26.6,17.8,34.4,4.1,0.0,15.0,8.7,,1016.0,0.0
2020-09-27,23.6,16.1,33.9,9.7,0.0,14.3,8.3,,1012.7,0.0
2020-10-04,22.5,11.7,32.8,0.0,0.0,12.8,5.7,,1019.2,0.0
2020-10-11,25.4,16.1,37.2,0.0,0.0,36.0,4.0,,1013.7,0.0
2020-10-18,23.7,13.9,33.9,0.3,0.0,202.0,7.8,,1016.2,0.0
2020-10-25,23.7,11.7,33.9,0.0,0.0,131.6,8.5,,1014.8,0.0
2020-11-01,12.5,3.9,26.1,8.6,0.0,359.1,7.7,,1020.3,0.0
2020-11-08,19.1,6.1,28.9,0.0,0.0,55.4,4.1,,1021.5,0.0
2020-11-15,22.1,11.1,30.6,0.0,0.0,36.2,6.9,,1014.8,0.0
2020-11-22,18.7,5.0,28.9,0.0,0.0,90.6,4.9,,1025.5,0.0
2020-11-29,16.1,7.2,28.9,18.5,0.0,13.9,7.9,,1017.7,0.0
2020-12-06,9.0,-1.0,20.0,0.3,0.0,342.3,6.6,,1023.7,0.0
2020-12-13,14.5,5.0,27.8,1.5,0.0,346.0,5.7,,1018.4,0.0
2020-12-20,9.7,-1.0,20.6,19.6,0.0,4.2,4.7,,1021.3,0.0
2020-12-27,13.4,1.1,27.8,0.0,0.0,266.8,7.0,,1020.6,0.0
2021-01-03,12.1,2.8,25.0,82.0,0.0,349.6,9.8,,1016.3,0.0
2021-01-10,10.5,0.0,25.6,28.3,0.0,2.8,6.8,,1021.7,0.0
2021-01-17,8.4,-0.5,20.6,0.0,30.0,324.1,5.7,,1022.7,0.0
2021-01-24,14.5,2.8,25.6,11.8,0.0,41.5,6.1,,1017.5,0.0
2021-01-31,14.2,2.2,26.7,1.5,0.0,3.4,8.1,,1019.1,0.0
2021-02-07,13.9,4.4,29.4,1.5,0.0,57.7,8.5,,1017.1,0.0
2021-02-14,4.1,-10.5,24.4,17.5,0.0,12.7,10.6,,1020.2,0.0
2021-02-21,-0.1,-13.8,24.4,27.7,150.0,358.6,7.2,,1025.3,0.0
2021-02-28,17.3,5.6,30.0,1.8,0.0,105.9,6.8,,1015.9,0.0
2021-03-07,14.6,3.3,26.7,3.6,0.0,47.2,9.4,,1021.5,0.0
2021-03-14,20.6,7.2,28.3,3.6,0.0,163.4,13.5,,1019.4,0.0
2021-03-21,17.4,6.1,30.6,0.3,0.0,325.8,10.8,,1017.6,0.0
2021-03-28,19.4,8.9,30.6,20.3,0.0,77.6,9.0,,1011.0,0.0
2021-04-04,17.1,6.1,26.7,9.4,0.0,109.9,8.1,,1022.9,0.0
2021-04-11,22.8,8.9,33.3,0.0,0.0,155.6,9.1,,1009.0,0.0
2021-04-18,20.0,10.6,32.2,2.8,0.0,31.3,8.5,,1013.3,0.0
2021-04-25,18.5,6.7,31.7,21.4,0.0,52.9,8.0,,1015.8,0.0
2021-05-02,22.9,16.1,31.7,90.7,0.0,119.6,10.7,,1010.1,0.0
2021-05-09,24.6,14.4,34.4,0.3,0.0,94.4,8.7,,1012.7,0.0
2021-05-16,21.1,14.4,29.4,34.3,0.0,55.5,9.0,,1017.7,0.0
2021-05-23,22.8,17.2,30.6,44.2,0.0,78.6,7.7,,1013.6,0.0
2021-05-30,25.5,18.9,32.8,52.3,0.0,121.3,7.9,,1015.5,0.0
2021-06-06,23.7,17.8,32.8,82.2,0.0,35.3,4.9,,1014.0,0.0
2021-06-13,28.9,23.9,37.2,1.0,0.0,162.2,7.6,,1011.9,0.0
2021-06-20,29.7,21.1,37.8,0.0,0.0,64.1,4.9,,1012.6,0.0
2021-06-27,29.3,22.8,36.7,3.6,0.0,141.4,9.2,,1012.0,0.0
2021-07-04,27.3,23.3,36.1,53.8,0.0,53.0,4.7,,1014.3,0.0
2021-07-11,26.4,22.8,34.4,65.2,0.0,92.5,6.2,,1014.0,0.0
2021-07-18,27.7,22.2,35.0,1.6,0.0,148.5,6.9,,1017.5,0.0
2021-07-25,28.1,21.7,37.8,2.6,0.0,150.6,6.2,,1016.2,0.0
2021-08-01,29.9,23.3,38.3,0.0,0.0,19.3,3.8,,1015.2,0.0
2021-08-08,27.8,23.3,36.7,23.9,0.0,86.7,6.4,,1015.1,0.0
2021-08-15,29.5,22.2,37.2,61.0,0.0,154.5,6.9,,1016.4,0.0
2021-08-22,29.2,21.7,36.7,0.0,0.0,155.0,7.3,,1012.9,0.0
2021-08-29,29.2,23.3,37.8,6.6,0.0,83.4,4.4,,1013.8,0.0
2021-09-05,30.5,23.9,38.9,0.0,0.0,138.0,5.2,,1010.6,0.0
2021-09-12,28.0,18.3,38.3,2.5,0.0,27.0,4.0,,1015.0,0.0
2021-09-19,28.0,21.1,38.3,0.0,0.0,26.2,6.1,,1012.6,0.0
2021-09-26,25.8,14.4,38.9,0.0,0.0,60.5,5.9,,1017.2,0.0
2021-10-03,25.8,18.3,36.7,67.6,0.0,90.9,4.9,,1013.9,0.0
2021-10-10,25.1,15.6,33.3,14.2,0.0,112.9,5.7,,1014.8,0.0
2021-10-17,22.4,10.0,32.8,76.4,0.0,28.1,6.0,,1015.0,0.0
2021-10-24,22.7,9.4,31.7,0.0,0.0,81.5,4.4,,1015.9,0.0
2021-10-31,20.8,10.6,32.2,19.3,0.0,332.6,8.5,,1012.5,0.0
2021-11-07,14.8,5.0,27.8,43.9,0.0,24.3,4.3,,1022.9,0.0
2021-11-14,17.8,7.2,27.2,0.0,0.0,28.2,4.7,,1020.1,0.0
2021-11-21,18.3,6.1,28.3,0.0,0.0,217.1,7.6,,1020.9,0.0
2021-11-28,13.7,3.9,25.6,17.0,0.0,11.8,5.4,,1022.7,0.0
2021-12-05,18.2,7.2,27.2,0.8,0.0,235.0,4.4,,1018.6,0.0
2021-12-12,16.0,0.6,29.4,0.3,0.0,347.5,6.4,,1016.6,0.0
2021-12-19,17.8,4.4,27.2,42.0,0.0,42.0,7.7,,1019.1,0.0
2021-12-26,16.2,3.3,26.1,0.0,0.0,186.6,5.7,,1016.2,0.0
2022-01-02,20.9,13.9,28.3,0.0,0.0,210.9,5.8,,1008.2,0.0
