,Date,Load Weight,Year,Load Type_BRUSH,Load Type_BULK,Load Type_DEAD ANIMAL,Load Type_GARBAGE COLLECTIONS,Load Type_LITTER,Load Type_MIXED LITTER,Load Type_MULCH,Load Type_ORGANICS,Load Type_RECYCLED METAL,Load Type_RECYCLING - COMINGLE,Load Type_RECYCLING - PAPER,Load Type_RECYCLING - SINGLE STREAM,Load Type_SWEEPING,Load Type_TIRES,Load Type_YARD TRIMMING,Dropoff Site_AUSTIN IRON AND METAL,Dropoff Site_AUSTIN WOOD RECYCLING,Dropoff Site_BALCONES RECYCLING,Dropoff Site_BALCONES WOODS,Dropoff Site_BFI LANDFILL,Dropoff Site_BRAKER SITE,Dropoff Site_COMMERCIAL METALS,Dropoff Site_GREAT NORTHERN,Dropoff Site_HORNSBY BEND,Dropoff Site_INSPIRATION/GUNNISAN,Dropoff Site_MRF,Dropoff Site_ON ROUTE HIGH DUMP,Dropoff Site_ONION CREEK,Dropoff Site_ORGANICS BY GOSH,Dropoff Site_PARK BEND,Dropoff Site_ST. EDWARDS,Dropoff Site_STEINER LANDFILL,Dropoff Site_TDS - MRF,Dropoff Site_TDS LANDFILL,Dropoff Site_WESTFIELD,Dropoff Site_WINNEBAGO,Dropoff Site_ZILKER,holidays,tavg,tmin,tmax,prcp,snow,wspd,pres,tsun
0,2014-01-05,9621104.0,2014,31,56,8,322,2,0,0,0,0,0,0,237,43,3,85,0,0,138,1,0,0,0,0,109,0,3,0,0,7,0,0,0,99,430,0,0,0,1,8.0,-2.1,21.7,0.0,0.0,8.7,1023.5,0.0
1,2014-01-12,9289605.0,2014,28,59,9,294,2,0,0,0,0,0,0,220,40,4,96,0,0,130,0,0,0,0,1,116,0,4,0,0,7,0,0,0,90,404,0,0,0,0,10.5,-5.5,23.9,6.9,0.0,6.6,1027.3,0.0
2,2014-01-19,8797178.0,2014,41,46,8,298,3,0,0,0,0,0,0,219,19,3,93,0,0,87,0,0,0,0,0,129,0,3,0,0,5,0,0,0,127,379,0,0,0,0,13.0,2.8,24.4,0.0,0.0,7.0,1022.2,0.0
3,2014-01-26,8335148.0,2014,22,49,5,319,3,0,0,0,0,0,0,203,25,2,75,0,0,87,0,0,0,0,0,91,0,2,0,0,6,0,0,0,105,412,0,0,0,1,9.9,-3.2,27.8,2.8,0.0,7.7,1023.2,0.0
4,2014-02-02,7789269.0,2014,27,61,9,280,3,0,0,0,0,0,0,211,18,2,66,0,0,123,0,0,0,0,0,87,0,2,0,0,6,0,0,0,87,372,0,0,0,0,9.5,-2.7,26.7,2.3,0.0,12.3,1020.1,0.0
5,2014-02-09,8015192.0,2014,29,74,9,278,0,0,0,0,0,0,0,199,34,3,70,0,0,122,0,0,0,0,0,92,0,3,0,0,7,0,0,0,77,395,0,0,0,0,4.8,-3.2,24.4,3.8,0.0,8.8,1023.8,0.0
6,2014-02-16,9551458.0,2014,64,109,9,268,2,0,0,0,0,0,0,190,28,3,86,0,0,110,0,0,0,0,0,143,0,3,0,1,7,0,0,0,76,419,0,0,0,0,10.7,0.0,30.0,2.5,0.0,9.8,1018.9,0.0
7,2014-02-23,9013640.0,2014,34,49,7,271,2,0,0,0,0,0,0,189,26,3,101,0,0,112,1,0,0,0,0,121,0,3,0,0,14,0,0,0,77,354,0,0,0,1,19.4,5.0,30.0,0.0,0.0,9.0,1015.1,0.0
8,2014-03-02,8058869.0,2014,35,39,9,273,0,0,0,0,0,0,0,203,30,2,70,0,0,120,0,0,0,0,0,94,0,1,0,0,11,0,0,0,84,351,0,0,0,0,12.3,-2.1,27.8,4.8,0.0,9.5,1020.6,0.0
9,2014-03-09,8131626.0,2014,32,8,6,264,0,0,0,0,0,0,0,192,24,0,86,0,0,117,0,0,0,0,0,105,0,0,0,0,13,0,0,0,75,302,0,0,0,0,8.4,-4.3,19.4,27.9,0.0,8.3,1019.9,0.0
10,2014-03-16,9490138.0,2014,39,12,9,281,2,0,0,0,0,0,0,221,21,0,129,0,0,144,0,0,0,0,0,153,0,0,0,0,15,0,0,0,77,325,0,0,0,0,15.7,2.8,28.3,2.1,0.0,9.8,1017.8,0.0
11,2014-03-23,9730858.0,2014,30,13,7,266,1,0,0,0,0,0,0,204,37,0,148,0,0,121,0,0,0,0,0,162,0,0,0,1,16,0,0,0,83,323,0,0,0,0,16.2,5.0,28.3,0.0,0.0,9.8,1015.5,0.0
12,2014-03-30,10609744.0,2014,35,12,9,277,3,0,0,0,0,0,0,204,37,1,214,0,0,121,0,0,46,0,0,186,0,1,0,1,17,0,0,0,83,337,0,0,0,0,17.4,6.7,31.7,0.3,0.0,9.9,1017.7,0.0
13,2014-04-06,10042091.0,2014,45,8,6,273,1,0,0,0,0,0,0,206,24,0,198,0,0,126,0,0,20,0,0,206,0,0,0,0,17,0,0,0,81,311,0,0,0,0,19.8,11.1,30.0,5.1,0.0,11.7,1015.0,0.0
14,2014-04-13,10726740.0,2014,49,7,7,267,1,0,0,0,0,0,0,202,23,0,206,0,0,123,0,0,33,0,0,200,0,0,0,0,22,0,0,0,79,305,0,0,0,0,19.8,7.2,30.6,6.9,0.0,11.5,1016.8,0.0
15,2014-04-20,10657275.0,2014,42,58,6,287,2,0,0,0,0,0,0,198,13,2,184,0,0,124,0,1,26,0,0,180,0,3,0,0,18,0,0,0,74,366,0,0,0,0,16.4,3.9,25.6,35.8,0.0,8.4,1020.4,0.0
16,2014-04-27,10451898.0,2014,46,78,5,286,1,0,0,0,0,0,0,210,18,4,151,0,0,129,0,0,28,0,0,151,0,4,0,0,18,0,0,0,82,387,0,0,0,0,24.0,15.0,35.6,0.3,0.0,9.3,1010.6,0.0
17,2014-05-04,9721260.0,2014,30,65,6,279,2,0,0,0,0,0,0,204,19,2,140,0,0,120,0,0,16,0,0,138,0,2,0,0,16,0,0,0,84,371,0,0,0,0,22.2,11.1,34.4,0.0,0.0,7.6,1013.9,0.0
18,2014-05-11,9516341.0,2014,28,69,7,272,1,0,0,0,0,0,0,199,23,4,101,0,0,88,0,0,3,0,0,112,0,3,0,0,14,0,0,0,112,372,0,0,0,0,24.3,15.6,33.9,1.5,0.0,12.9,1009.6,0.0
19,2014-05-18,9850536.0,2014,41,57,6,277,1,1,0,0,0,0,0,203,13,4,161,0,0,80,0,0,6,0,0,185,0,2,0,0,12,0,0,2,123,354,0,0,0,0,20.6,7.8,30.0,89.7,0.0,11.2,1018.3,0.0
20,2014-05-25,9444483.0,2014,45,66,6,284,1,0,0,0,0,0,0,206,11,4,70,0,0,128,0,0,0,0,0,104,0,4,0,0,11,0,0,1,78,367,0,0,0,0,24.7,18.9,31.7,4.8,0.0,12.1,1015.5,0.0
21,2014-06-01,9428982.0,2014,40,45,6,285,2,0,0,0,0,0,0,185,16,2,89,0,0,101,0,0,3,0,0,114,0,2,0,2,12,0,0,0,84,352,0,0,0,1,24.3,17.2,34.4,84.1,0.0,5.5,1011.2,0.0
22,2014-06-08,9336889.0,2014,69,33,7,273,2,0,0,0,0,0,0,202,14,3,76,0,0,119,0,0,3,0,0,135,0,3,0,0,7,0,0,0,83,329,0,0,0,0,27.4,22.8,33.3,0.0,0.0,10.8,1010.9,0.0
23,2014-06-15,9235675.0,2014,59,38,7,264,1,0,0,0,0,0,0,194,12,4,108,0,0,119,0,0,4,0,0,151,0,3,0,0,12,0,0,0,76,322,0,0,0,0,27.0,17.8,34.4,51.8,0.0,8.6,1011.0,0.0
24,2014-06-22,9355925.0,2014,40,67,6,268,1,0,0,0,0,0,0,201,14,4,78,0,0,117,0,0,0,0,0,105,0,2,0,0,13,0,0,0,84,358,0,0,0,0,27.9,23.9,33.3,0.8,0.0,11.6,1014.4,0.0
25,2014-06-29,8712636.0,2014,51,34,8,276,0,0,0,0,0,0,0,202,8,1,79,0,0,121,0,0,0,0,0,116,0,0,0,0,14,0,0,0,81,327,0,0,0,0,27.1,20.0,35.0,25.7,0.0,10.9,1012.9,0.0
26,2014-07-06,9538291.0,2014,65,57,7,296,2,0,0,0,0,0,0,198,12,3,77,0,0,124,0,0,0,0,0,125,0,2,0,0,17,0,0,0,73,376,0,0,0,1,27.9,20.6,36.1,1.8,0.0,7.8,1016.9,0.0
27,2014-07-13,8568761.0,2014,36,46,9,275,1,0,0,0,0,0,0,214,14,3,73,0,0,129,0,0,0,0,0,92,0,3,0,0,17,0,0,0,86,344,0,0,0,0,29.0,21.7,37.8,0.0,0.0,8.2,1016.2,0.0
28,2014-07-20,8675581.0,2014,62,56,7,283,2,0,0,0,0,0,0,196,13,3,70,0,0,121,0,0,0,0,0,120,0,2,0,0,13,0,0,0,75,361,0,0,0,0,27.1,21.1,38.3,137.7,0.0,6.0,1013.0,0.0
29,2014-07-27,8754542.0,2014,30,67,6,289,2,0,0,0,0,0,0,192,14,4,68,0,0,43,1,0,0,0,0,84,0,4,0,0,14,0,0,0,148,378,0,0,0,0,29.8,23.3,36.7,2.3,0.0,7.0,1014.9,0.0
30,2014-08-03,8220511.0,2014,27,38,8,278,2,0,0,0,0,0,0,200,14,4,73,0,0,119,0,0,0,0,0,85,0,3,0,0,15,0,0,0,81,341,0,0,0,0,28.4,20.0,37.2,0.0,0.0,7.0,1015.6,0.0
31,2014-08-10,7921027.0,2014,38,32,8,277,2,0,0,0,0,0,0,194,11,3,71,0,0,118,0,0,0,0,0,95,0,3,0,0,14,0,0,0,77,329,0,0,0,0,30.5,22.2,38.9,0.0,0.0,7.5,1013.8,0.0
32,2014-08-17,8524282.0,2014,46,38,8,285,1,0,17,0,0,0,0,209,10,4,63,0,0,119,0,0,0,0,0,115,0,2,0,0,10,0,0,0,89,346,0,0,0,0,30.0,20.6,40.0,1.3,0.0,7.3,1014.1,0.0
33,2014-08-24,8319921.0,2014,40,60,11,291,0,0,7,0,0,0,0,202,15,2,66,0,0,44,0,0,0,0,0,100,0,1,0,0,13,0,0,0,158,378,0,0,0,0,31.1,23.9,39.4,0.0,0.0,11.2,1013.1,0.0
34,2014-08-31,8896845.0,2014,44,78,8,272,0,0,0,0,0,0,0,204,14,5,82,0,0,121,0,0,0,0,0,112,0,5,0,0,14,0,0,0,84,371,0,0,0,0,29.7,23.3,38.3,1.8,0.0,7.5,1013.0,0.0
35,2014-09-07,9019064.0,2014,72,58,8,297,3,0,1,0,0,0,0,205,13,2,70,0,0,126,0,0,0,0,0,130,0,2,0,0,13,0,0,0,79,378,1,0,0,1,29.1,22.8,38.3,36.1,0.0,8.1,1014.8,0.0
36,2014-09-14,8498055.0,2014,54,34,8,265,0,1,0,0,0,0,0,208,13,5,66,0,0,124,0,0,0,0,0,107,0,4,0,0,13,0,0,0,72,332,2,0,0,0,26.2,15.6,37.2,30.3,0.0,7.7,1015.0,0.0
37,2014-09-21,8536780.0,2014,30,46,9,281,0,0,0,0,0,0,0,209,12,2,64,0,0,45,0,0,0,0,0,82,0,1,0,0,13,0,0,0,144,368,0,0,0,0,26.3,20.6,34.4,111.0,0.0,4.1,1016.6,0.0
38,2014-09-28,8472356.0,2014,43,64,9,292,2,0,0,0,0,0,0,201,14,4,64,0,0,96,0,0,0,0,0,96,0,4,0,0,11,0,0,0,89,397,0,0,0,0,24.1,15.6,32.8,0.0,0.0,4.6,1017.7,0.0
39,2014-10-05,8175597.0,2014,37,41,8,268,0,0,0,0,0,0,0,205,17,3,75,0,0,123,0,0,0,0,0,99,0,3,0,0,13,0,0,0,69,346,1,0,0,0,24.8,15.0,33.3,0.8,0.0,7.7,1014.5,0.0
40,2014-10-12,8521701.0,2014,55,58,10,298,1,2,0,0,0,0,0,214,16,3,60,0,0,133,0,0,0,0,0,105,0,3,0,1,10,0,0,0,70,395,0,0,0,0,24.8,15.0,34.4,36.4,0.0,8.8,1013.9,0.0
41,2014-10-19,8395181.0,2014,39,46,11,265,1,1,0,0,0,0,0,204,19,3,70,0,0,107,0,0,0,0,0,98,0,3,0,0,11,0,0,0,88,352,0,0,0,1,21.7,10.6,31.1,2.3,0.0,6.5,1016.0,0.0
42,2014-10-26,8040439.0,2014,64,2,11,260,3,1,0,0,0,0,0,208,22,2,70,0,0,127,0,0,0,0,0,125,0,1,0,0,10,0,0,0,74,306,0,0,0,0,22.3,14.4,31.1,0.0,0.0,3.5,1017.8,0.0
43,2014-11-02,8851872.0,2014,35,55,10,267,0,0,0,0,0,0,0,202,18,4,63,0,0,122,0,0,0,0,0,88,0,4,0,0,10,0,0,0,73,357,0,0,0,0,19.7,8.3,30.0,7.6,0.0,6.8,1020.3,0.0
44,2014-11-09,8201485.0,2014,34,33,10,276,0,2,0,0,1,0,0,212,14,3,68,0,0,133,0,0,0,0,0,90,0,3,0,0,12,0,0,0,71,344,0,0,0,0,16.5,8.3,24.4,53.6,0.0,6.6,1020.5,0.0
45,2014-11-16,7670187.0,2014,27,29,8,281,2,0,0,0,0,0,0,195,20,3,57,0,0,120,1,0,0,0,0,76,0,2,0,0,9,0,0,0,68,346,0,0,0,1,8.0,-1.0,24.4,0.8,0.0,9.9,1025.1,0.0
46,2014-11-23,8362939.0,2014,19,26,8,266,5,2,0,0,0,0,0,211,14,2,78,0,0,130,0,0,0,0,0,86,0,2,0,0,11,0,0,0,73,329,0,0,0,0,12.8,-1.0,27.2,92.5,0.0,7.2,1019.1,0.0
47,2014-11-30,10564412.0,2014,23,53,11,308,2,0,0,0,1,0,0,209,39,4,122,0,0,123,0,0,0,0,0,130,0,4,0,0,15,0,0,0,74,426,0,0,0,1,14.5,3.3,26.1,0.0,0.0,7.7,1022.5,0.0
48,2014-12-07,10301349.0,2014,40,24,10,281,1,2,0,0,0,0,0,225,41,3,148,0,0,134,0,0,0,0,0,169,0,2,0,0,19,0,0,0,82,369,0,0,0,0,13.3,3.9,23.9,1.8,0.0,6.6,1026.7,0.0
49,2014-12-14,10067409.0,2014,35,37,11,279,1,1,0,0,0,0,0,200,35,4,142,0,0,121,0,0,0,0,0,159,0,4,0,1,17,0,0,0,67,376,0,0,0,0,15.6,6.1,23.3,3.3,0.0,6.0,1022.3,0.0
50,2014-12-21,8380829.0,2014,11,2,8,273,1,5,0,0,0,0,0,211,15,0,104,0,0,129,0,0,0,0,1,104,0,0,0,0,10,0,0,0,75,311,0,0,0,0,11.9,7.8,23.3,17.5,0.0,7.0,1018.5,0.0
51,2014-12-28,8922732.0,2014,10,26,7,288,1,1,0,0,0,0,0,219,25,3,76,0,0,134,0,0,0,0,0,76,0,1,0,0,10,0,0,0,72,363,0,0,0,1,11.0,0.0,25.0,4.4,0.0,9.6,1017.3,0.0
52,2015-01-04,9895095.0,2015,21,36,5,314,1,1,2,0,1,0,0,237,33,3,92,0,0,141,0,0,1,0,0,101,0,3,0,0,13,0,0,0,85,402,0,0,0,1,5.7,-1.0,19.4,40.4,0.0,8.2,1026.0,0.0
53,2015-01-11,8501051.0,2015,17,39,6,291,0,1,0,0,0,0,0,209,35,4,81,0,0,127,0,0,0,0,0,89,0,4,0,0,9,0,0,0,73,381,0,0,0,0,4.1,-4.9,21.7,12.4,0.0,6.9,1033.7,0.0
54,2015-01-18,8917205.0,2015,24,29,10,273,1,0,0,0,0,0,0,210,22,3,101,0,0,124,0,0,0,0,0,111,0,2,0,0,14,0,0,0,78,342,1,0,1,0,8.2,1.7,22.2,0.0,0.0,6.8,1027.1,0.0
55,2015-01-25,9038870.0,2015,20,31,7,275,1,1,0,0,1,0,0,202,27,4,90,0,0,89,0,0,0,0,0,98,0,3,0,0,12,0,0,0,104,353,0,0,0,1,10.7,2.2,26.7,66.9,0.0,8.7,1018.2,0.0
56,2015-02-01,8318899.0,2015,17,30,6,284,1,2,0,0,2,0,0,211,22,4,76,0,0,124,0,0,0,0,0,83,0,3,0,0,10,0,0,0,79,356,0,0,0,0,15.0,5.6,28.3,8.4,0.0,8.1,1024.5,0.0
57,2015-02-08,8978223.0,2015,21,45,6,281,0,2,9,0,0,0,0,199,19,4,95,0,0,121,0,0,0,0,0,115,0,3,0,0,8,0,0,0,68,366,0,0,0,0,9.3,0.6,25.6,8.1,0.0,6.8,1024.7,0.0
58,2015-02-15,8835577.0,2015,50,60,5,278,0,1,0,0,0,0,0,205,22,3,90,0,0,129,0,0,0,0,0,127,0,3,0,0,13,0,0,0,67,375,0,0,0,0,15.9,3.9,28.3,0.0,0.0,6.7,1021.7,0.0
59,2015-02-22,8322810.0,2015,31,40,6,278,0,1,0,0,0,0,0,197,31,4,74,0,0,126,0,0,0,0,0,91,0,4,0,0,10,0,0,0,64,367,0,0,0,1,11.8,0.0,25.6,0.8,0.0,10.8,1019.3,0.0
60,2015-03-01,7720360.0,2015,26,25,5,268,0,1,0,0,2,0,0,204,19,2,66,0,0,129,0,0,0,0,0,80,0,2,0,0,12,0,0,0,69,326,0,0,0,0,2.6,-1.0,17.2,5.7,0.0,9.5,1020.9,0.0
61,2015-03-08,8244129.0,2015,29,2,8,273,0,1,0,0,0,0,0,193,21,2,84,0,0,119,0,0,0,0,0,105,0,2,0,1,8,0,0,0,65,312,0,0,1,0,8.0,-3.2,21.1,19.3,0.0,6.5,1030.0,0.0
62,2015-03-15,10460745.0,2015,32,2,5,278,0,0,0,0,0,0,0,199,24,0,187,0,0,83,1,0,0,0,2,198,0,1,0,0,19,0,0,0,103,320,0,0,0,0,14.9,9.4,25.6,55.6,0.0,7.2,1021.6,0.0
63,2015-03-22,11363817.0,2015,32,2,11,283,0,2,0,0,0,0,0,209,42,0,224,0,0,126,0,0,0,0,0,240,0,0,0,0,16,0,0,0,71,352,0,0,0,0,18.7,11.1,28.3,44.2,0.0,6.3,1018.4,0.0
64,2015-03-29,11810578.0,2015,40,0,11,291,2,2,0,0,0,0,0,210,28,0,277,0,0,127,0,0,57,0,1,239,0,0,0,0,21,0,0,0,76,340,0,0,0,0,19.4,7.8,28.9,1.3,0.0,10.3,1017.0,0.0
65,2015-04-05,10445794.0,2015,26,3,11,280,0,2,0,0,0,0,0,195,28,0,206,0,0,123,0,0,35,0,0,179,0,0,0,0,18,0,0,0,63,333,0,0,0,0,20.9,13.3,30.0,0.5,0.0,10.4,1017.5,0.0
66,2015-04-12,10150595.0,2015,41,3,10,287,1,3,0,0,0,0,0,204,21,0,161,0,0,125,0,0,27,0,0,159,0,0,1,0,15,0,0,0,67,337,0,0,0,0,21.9,13.3,30.6,2.6,0.0,9.9,1015.6,0.0
67,2015-04-19,10576005.0,2015,45,66,11,290,2,1,0,0,0,0,0,206,18,3,140,0,0,123,0,0,11,0,0,159,0,2,0,0,15,0,0,0,70,402,0,0,0,0,21.1,12.2,31.7,27.5,0.0,7.3,1011.7,0.0
68,2015-04-26,10419775.0,2015,43,69,9,277,1,1,0,0,0,0,0,212,16,3,132,0,0,131,0,0,14,0,0,151,0,3,0,0,10,0,0,0,73,381,0,0,0,0,22.8,10.6,33.9,13.9,0.0,8.9,1010.0,0.0
69,2015-05-03,10500911.0,2015,46,63,8,288,3,1,0,0,0,0,0,209,19,4,140,0,0,131,0,0,0,0,0,170,0,5,0,0,16,0,0,0,67,392,0,0,0,0,20.0,9.4,29.4,14.2,0.0,7.4,1015.0,0.0
70,2015-05-10,8873485.0,2015,26,33,7,267,0,3,0,0,0,0,0,208,12,4,72,0,0,126,1,0,0,0,0,89,0,4,0,0,8,0,0,0,68,336,0,0,0,0,24.5,18.9,30.6,106.2,0.0,13.1,1012.9,0.0
71,2015-05-17,9978944.0,2015,44,100,10,268,1,3,0,0,0,0,0,205,16,4,68,0,0,53,0,0,0,0,0,103,0,4,0,0,10,0,0,0,140,408,1,0,0,0,22.3,17.8,30.6,121.5,0.0,8.7,1013.8,0.0
72,2015-05-24,10530472.0,2015,137,46,9,271,2,2,0,0,0,0,0,210,11,5,69,0,0,130,0,0,0,0,0,196,0,5,0,0,10,0,0,0,73,348,0,0,0,0,23.1,16.7,31.7,64.8,0.0,9.3,1016.6,0.0
73,2015-05-31,10955809.0,2015,101,81,11,291,2,2,0,0,0,0,0,203,11,4,94,0,0,93,0,0,66,0,0,116,0,4,0,0,13,0,0,0,102,406,0,0,0,1,24.2,17.8,31.7,154.2,0.0,6.8,1014.6,0.0
74,2015-06-07,10128807.0,2015,117,57,6,298,3,2,0,0,0,0,0,217,14,3,99,0,0,131,1,0,73,0,0,132,0,3,0,0,11,0,0,0,76,389,0,0,0,0,26.1,17.8,32.8,0.0,0.0,5.4,1014.3,0.0
75,2015-06-14,9476346.0,2015,141,33,6,286,1,2,0,0,0,0,0,202,11,3,75,0,0,119,0,0,24,0,0,184,0,3,0,0,9,0,0,0,75,346,0,0,0,0,27.7,21.7,35.0,34.3,0.0,8.2,1010.8,0.0
76,2015-06-21,9802416.0,2015,156,45,6,281,1,4,0,0,0,0,0,199,15,3,74,0,0,120,0,0,1,0,0,218,0,3,0,0,11,0,0,0,72,359,0,0,0,0,25.4,21.7,32.2,170.1,0.0,6.5,1014.4,0.0
77,2015-06-28,9703508.0,2015,40,91,6,279,0,3,0,0,0,0,0,193,10,4,79,0,0,112,1,0,6,0,0,101,0,4,0,0,13,0,0,0,70,398,0,0,0,0,27.4,22.2,33.9,2.3,0.0,5.9,1017.2,0.0
78,2015-07-05,9575506.0,2015,56,50,6,284,2,3,0,0,0,0,0,201,9,1,76,0,0,125,0,0,49,0,0,72,0,1,0,0,11,0,0,0,66,364,0,0,0,2,27.2,21.1,34.4,19.1,0.0,8.7,1015.5,0.0
79,2015-07-12,9003283.0,2015,61,64,6,302,1,2,0,0,0,0,0,213,10,4,68,0,0,128,0,0,56,0,0,63,0,3,0,0,10,0,0,0,75,396,0,0,0,0,28.3,22.8,34.4,0.0,0.0,11.1,1015.5,0.0
80,2015-07-19,8810604.0,2015,64,66,6,273,4,5,0,0,0,0,0,204,13,3,95,0,0,122,0,0,1,0,0,148,0,3,0,1,10,0,0,0,73,375,0,0,0,0,29.4,23.3,36.7,0.0,0.0,9.8,1013.1,0.0
81,2015-07-26,8561904.0,2015,32,78,7,268,0,2,0,0,0,0,0,212,13,2,67,0,0,126,0,0,0,0,0,89,0,2,0,0,10,0,0,0,77,376,1,0,0,0,30.0,23.3,37.2,0.0,0.0,9.3,1012.7,0.0
82,2015-08-02,8131454.0,2015,23,34,9,289,1,3,0,0,0,0,0,220,17,5,64,0,0,125,0,0,0,0,0,77,0,4,0,0,10,0,0,0,85,364,0,0,0,0,31.0,22.8,38.9,0.0,0.0,6.9,1013.8,0.0
83,2015-08-09,8235468.0,2015,29,76,7,283,1,1,0,0,0,0,0,204,17,4,62,0,0,119,1,0,0,0,0,80,0,4,0,0,11,0,0,0,73,396,0,0,0,0,31.1,23.9,39.4,0.0,0.0,9.5,1011.8,0.0
84,2015-08-16,8359459.0,2015,47,42,6,274,0,1,0,0,0,0,0,213,15,3,69,0,0,128,0,0,0,0,0,106,0,3,0,0,10,0,0,0,73,350,0,0,0,0,31.7,23.9,40.6,0.0,0.0,5.3,1013.4,0.0
85,2015-08-23,8673782.0,2015,36,46,8,284,0,2,0,0,1,0,0,205,14,4,69,0,0,126,1,0,0,0,0,94,0,4,0,0,11,0,0,0,68,365,0,0,0,0,29.0,22.2,38.3,8.9,0.0,8.3,1012.8,0.0
86,2015-08-30,8974353.0,2015,54,95,11,270,1,2,0,0,0,0,0,213,23,4,78,0,0,48,0,0,0,0,0,124,0,4,0,1,8,0,0,0,146,420,0,0,0,0,29.4,21.7,38.3,0.0,0.0,5.2,1015.7,0.0
87,2015-09-06,8447631.0,2015,68,69,9,267,3,3,0,0,0,0,0,208,13,4,80,0,0,129,0,0,0,0,0,139,0,4,0,0,9,0,0,0,70,372,1,0,0,0,28.8,21.7,38.3,0.3,0.0,8.1,1013.3,0.0
88,2015-09-13,9051952.0,2015,46,47,12,282,1,1,0,0,0,0,0,231,16,3,73,0,0,133,0,0,0,0,0,109,0,3,0,1,10,0,0,1,91,364,0,0,0,1,27.8,17.2,37.8,46.8,0.0,6.5,1014.0,0.0
89,2015-09-20,8066776.0,2015,36,52,8,278,1,3,0,0,0,0,0,188,16,3,71,0,0,120,0,0,0,0,0,97,0,3,0,0,10,0,0,0,58,367,0,1,0,0,27.4,17.8,35.6,1.0,0.0,7.8,1014.0,0.0
90,2015-09-27,8540835.0,2015,41,65,9,275,2,1,0,0,0,0,0,217,18,3,81,0,0,135,1,0,0,0,0,112,0,3,0,0,10,0,0,0,72,379,0,0,0,0,27.3,19.4,36.1,0.0,0.0,4.2,1014.4,0.0
91,2015-10-04,8283936.0,2015,35,44,10,268,2,1,0,0,0,0,0,205,17,5,79,0,0,123,0,0,0,0,1,103,0,4,0,0,10,0,0,0,75,350,0,0,0,0,25.2,13.3,35.0,0.0,0.0,4.9,1013.0,0.0
92,2015-10-11,8156528.0,2015,45,57,9,266,1,0,0,0,0,0,0,208,17,3,75,0,0,117,0,0,0,0,1,109,0,4,0,0,10,0,0,0,80,360,0,0,0,0,25.2,16.7,35.0,0.0,0.0,4.5,1017.0,0.0
93,2015-10-18,8484002.0,2015,47,60,9,258,3,1,0,0,0,0,0,209,22,4,79,0,0,122,0,0,0,0,0,118,0,4,0,0,8,0,0,0,76,364,0,0,0,1,25.1,13.9,37.2,0.0,0.0,6.5,1018.2,0.0
94,2015-10-25,8856539.0,2015,38,41,8,261,1,0,0,0,0,0,0,216,13,3,79,0,0,134,0,0,0,0,0,108,0,3,0,0,9,0,0,0,74,332,0,0,0,0,21.7,12.2,30.6,153.2,0.0,10.4,1017.7,0.0
95,2015-11-01,11828057.0,2015,31,226,10,288,1,0,0,0,0,0,0,206,17,2,85,0,0,127,0,0,0,0,1,104,0,2,0,0,12,0,0,0,67,553,0,0,0,0,20.2,10.6,28.9,149.6,0.0,7.4,1012.7,0.0
96,2015-11-08,11086741.0,2015,29,131,10,273,1,5,0,0,0,0,0,214,7,3,84,0,0,126,0,0,0,0,1,101,0,3,0,0,11,0,0,0,78,437,0,0,0,0,19.1,11.7,29.4,15.3,0.0,7.4,1018.5,0.0
97,2015-11-15,9322652.0,2015,37,92,9,284,0,1,0,0,0,0,0,213,12,4,77,0,0,132,0,0,0,0,1,101,0,4,0,0,12,0,0,0,69,410,0,0,0,1,17.9,11.1,29.4,0.3,0.0,6.6,1020.0,0.0
98,2015-11-22,8271720.0,2015,39,18,7,270,1,5,0,0,0,0,0,207,11,0,85,0,0,120,0,0,0,0,0,112,0,0,0,0,12,0,0,0,76,322,1,0,0,0,15.2,1.1,26.1,26.5,0.0,6.4,1015.7,0.0
99,2015-11-29,9602613.0,2015,14,59,11,309,0,5,0,0,0,0,0,216,22,4,72,0,0,127,0,0,0,0,0,76,0,2,0,0,10,0,0,0,78,419,0,0,0,1,12.6,0.0,23.3,51.1,0.0,8.0,1020.6,0.0
100,2015-12-06,9643528.0,2015,37,46,10,285,1,3,0,0,0,0,0,217,25,2,94,0,0,128,0,0,0,0,0,118,0,1,0,0,14,0,0,0,81,378,0,0,0,0,10.4,2.8,21.1,0.0,0.0,3.3,1025.2,0.0
101,2015-12-13,10040439.0,2015,27,48,10,274,1,2,0,0,0,0,0,215,26,3,127,0,0,131,0,0,0,0,0,138,0,3,0,0,16,0,0,0,75,370,0,0,0,0,16.2,5.6,26.1,39.4,0.0,6.6,1013.2,0.0
102,2015-12-20,9258063.0,2015,19,13,8,273,0,3,0,0,0,0,0,218,21,0,165,0,0,130,0,0,0,0,0,166,0,0,0,0,18,0,0,0,88,318,0,0,0,0,12.8,1.1,23.9,0.0,0.0,7.1,1017.9,0.0
103,2015-12-27,9442860.0,2015,12,34,8,295,1,3,0,0,1,0,0,230,14,2,106,0,0,144,0,0,0,0,0,105,0,1,0,0,13,0,0,0,77,366,0,0,0,1,17.8,2.2,27.2,36.0,0.0,7.6,1009.6,0.0
104,2016-01-03,10804888.0,2016,18,47,10,315,0,4,0,0,1,0,0,244,36,3,128,0,0,141,0,0,0,0,1,134,0,3,0,0,11,0,0,0,93,423,0,0,0,1,7.3,2.2,16.7,5.9,0.0,7.8,1024.3,0.0
105,2016-01-10,9570304.0,2016,16,59,9,293,1,2,0,0,0,0,0,240,29,4,97,0,0,142,0,0,0,0,0,100,0,5,0,0,12,0,0,0,87,404,0,0,0,0,9.3,0.6,22.8,3.3,0.0,6.2,1017.3,0.0
106,2016-01-17,8545444.0,2016,31,29,9,278,1,0,0,0,0,0,0,229,24,3,88,0,0,138,0,0,0,0,0,108,0,2,0,0,11,0,0,0,84,349,0,0,0,0,10.2,0.0,21.1,0.0,0.0,4.4,1018.3,0.0
107,2016-01-24,8633930.0,2016,24,53,9,274,2,0,0,0,0,0,0,206,34,4,87,0,0,136,0,0,0,0,0,99,0,3,0,1,11,0,0,0,78,365,0,0,0,1,9.9,-0.5,21.1,0.3,0.0,7.4,1024.8,0.0
108,2016-01-31,8755186.0,2016,19,36,9,270,0,1,0,0,0,0,0,210,26,3,107,0,0,124,2,0,0,0,0,112,0,3,0,1,13,0,0,0,87,339,0,0,0,0,13.7,0.0,30.0,0.0,0.0,8.2,1019.3,0.0
109,2016-02-07,8704976.0,2016,22,55,10,271,1,4,0,0,0,0,0,217,22,5,84,0,0,134,0,0,0,0,0,94,0,2,0,0,12,0,0,0,73,376,0,0,0,0,11.5,0.0,25.0,0.0,0.0,8.7,1024.1,0.0
110,2016-02-14,8782894.0,2016,35,40,9,263,0,2,0,0,0,0,0,220,17,4,105,0,0,132,0,0,0,0,0,131,0,3,0,0,9,0,0,0,83,337,0,0,0,0,15.6,3.3,28.3,0.0,0.0,8.7,1024.0,0.0
111,2016-02-21,9133809.0,2016,33,60,10,262,2,0,0,0,0,0,0,213,23,2,103,0,0,133,0,0,0,0,0,124,0,2,0,0,12,0,0,0,80,357,0,0,0,1,18.8,6.1,27.8,0.3,0.0,9.4,1018.2,0.0
112,2016-02-28,9973835.0,2016,46,38,7,270,0,6,0,0,0,0,0,219,19,3,152,0,0,133,1,0,9,0,0,176,0,3,0,0,13,0,0,0,85,340,0,0,0,0,13.9,3.3,25.6,33.8,0.0,9.1,1020.9,0.0
113,2016-03-06,10425581.0,2016,50,3,6,264,2,1,0,0,0,0,0,208,12,0,168,0,0,131,0,0,0,0,0,206,0,0,0,0,12,0,0,0,66,299,0,0,0,0,19.3,7.2,28.3,0.0,0.0,10.4,1018.0,0.0
114,2016-03-13,10437155.0,2016,37,1,9,263,0,0,0,0,0,0,0,199,9,0,183,0,0,120,0,0,50,0,0,151,1,0,0,0,18,0,0,0,80,281,0,0,0,0,18.7,13.3,29.4,80.6,0.0,10.6,1010.9,0.0
115,2016-03-20,10967487.0,2016,30,4,9,284,4,1,0,0,0,0,0,207,24,0,218,0,1,128,0,0,43,0,0,188,0,1,0,0,16,0,0,0,73,331,0,0,0,0,19.5,5.6,33.3,2.3,0.0,9.1,1016.4,0.0
116,2016-03-27,10588491.0,2016,34,2,8,274,0,1,0,0,0,0,0,221,21,0,192,0,0,136,0,0,25,0,0,182,0,0,0,0,19,0,0,0,86,305,0,0,0,0,16.2,1.7,27.8,5.1,0.0,9.7,1015.6,0.0
117,2016-04-03,9962064.0,2016,35,9,11,285,4,2,0,0,0,0,0,217,23,0,167,0,0,133,0,0,31,0,0,157,0,0,0,0,14,0,0,1,85,332,0,0,0,0,17.9,6.7,30.0,9.9,0.0,8.5,1015.3,0.0
118,2016-04-10,9951792.0,2016,53,6,10,281,1,1,0,0,0,0,0,215,17,0,134,0,0,128,0,0,0,0,0,159,0,13,0,0,15,0,0,0,85,318,0,0,0,0,20.1,8.9,29.4,0.5,0.0,7.9,1018.4,0.0
119,2016-04-17,9380112.0,2016,41,59,10,270,0,0,0,0,0,0,0,203,13,3,89,0,0,120,0,0,0,0,0,117,0,3,0,0,13,0,0,0,84,351,0,0,0,0,20.1,12.2,31.7,80.8,0.0,9.0,1012.8,0.0
120,2016-04-24,11020483.0,2016,38,91,8,272,1,2,0,0,1,0,0,220,25,4,116,0,0,136,0,0,0,0,0,141,0,4,0,0,13,0,0,0,86,398,0,0,0,0,21.0,12.8,28.9,53.8,0.0,6.2,1014.9,0.0
121,2016-05-01,10569398.0,2016,72,72,10,285,2,1,0,0,0,0,0,222,23,4,110,0,0,126,0,0,11,0,0,158,0,4,0,0,13,0,0,0,89,399,0,0,1,0,24.2,16.7,32.2,37.1,0.0,10.5,1008.1,0.0
122,2016-05-08,9470256.0,2016,62,65,8,288,1,3,0,0,0,0,0,218,14,5,90,0,0,130,0,0,0,0,0,143,0,4,0,0,10,0,0,0,86,381,0,0,0,0,21.0,12.2,31.7,2.8,0.0,8.3,1016.0,0.0
123,2016-05-15,10167389.0,2016,72,68,10,277,1,5,0,0,0,0,0,212,11,3,84,0,0,136,0,0,0,0,0,146,0,3,0,0,10,0,0,0,67,381,0,0,0,0,24.0,16.7,32.8,43.5,0.0,8.0,1015.4,0.0
124,2016-05-22,10271401.0,2016,86,79,9,275,0,6,0,0,0,0,0,220,13,3,81,0,2,127,0,0,1,0,0,157,0,3,0,0,10,0,0,0,87,385,0,0,0,0,22.1,16.1,30.6,73.0,0.0,7.8,1014.9,0.0
125,2016-05-29,9337512.0,2016,54,47,10,264,1,3,0,0,0,0,0,217,10,1,84,0,1,136,0,0,0,0,0,127,0,1,0,0,11,0,0,0,70,345,0,0,0,0,25.2,18.3,32.8,27.5,0.0,10.2,1013.9,0.0
126,2016-06-05,10386722.0,2016,81,34,10,287,1,2,0,0,0,0,0,220,20,2,91,0,0,137,0,0,0,0,0,162,0,2,0,0,10,0,0,0,83,354,0,0,0,1,24.2,18.3,31.7,92.4,0.0,6.3,1011.5,0.0
127,2016-06-12,9288263.0,2016,45,60,9,269,1,2,0,0,1,0,0,217,16,3,88,0,0,130,0,0,1,0,0,123,0,3,0,0,9,0,0,0,81,364,0,0,0,0,27.4,20.6,34.4,0.0,0.0,6.5,1013.1,0.0
128,2016-06-19,8838860.0,2016,20,75,8,291,2,2,0,0,0,0,0,222,11,1,76,0,0,130,1,0,0,0,0,82,0,1,0,0,14,0,0,0,77,403,0,0,0,0,29.4,23.9,36.1,0.0,0.0,8.8,1013.3,0.0
129,2016-06-26,9311528.0,2016,21,52,11,277,0,5,0,0,0,0,0,212,16,2,107,0,0,125,0,0,0,0,0,116,0,2,0,0,12,0,0,0,88,360,0,0,0,0,28.8,23.9,35.6,0.5,0.0,8.1,1017.1,0.0
130,2016-07-03,8881628.0,2016,50,58,9,284,1,0,4,0,0,0,0,209,13,3,99,0,0,135,0,0,13,0,0,128,0,4,0,0,12,0,0,0,74,364,0,0,0,0,29.1,21.7,38.3,8.4,0.0,6.9,1014.8,0.0
131,2016-07-10,9081345.0,2016,24,63,6,278,1,0,0,0,0,0,0,212,16,3,99,0,0,131,0,0,4,0,0,107,0,3,0,0,12,0,0,0,78,367,0,0,0,1,30.5,25.0,37.8,1.0,0.0,12.2,1013.6,0.0
132,2016-07-17,9194134.0,2016,43,69,11,288,1,2,0,0,0,0,0,225,12,3,125,0,0,136,0,0,0,0,0,155,0,5,0,0,11,0,0,0,86,386,0,0,0,0,30.7,24.4,38.3,0.0,0.0,12.0,1014.1,0.0
133,2016-07-24,8585994.0,2016,25,79,10,282,1,0,0,0,0,0,0,210,14,3,78,0,0,131,0,0,0,0,1,93,0,2,0,0,10,0,0,0,79,386,0,0,0,0,31.1,24.4,38.9,0.0,0.0,7.9,1016.7,0.0
134,2016-07-31,8997704.0,2016,17,72,9,297,1,1,0,0,0,0,0,208,15,3,106,0,0,124,0,0,0,0,0,113,0,2,0,0,10,0,0,0,86,394,0,0,0,0,28.6,23.3,38.9,48.2,0.0,6.0,1013.8,0.0
135,2016-08-07,8631435.0,2016,32,44,5,277,1,3,0,0,0,0,0,211,13,2,107,0,0,126,1,0,0,0,0,129,0,2,0,0,10,0,0,0,85,342,0,0,0,0,30.8,23.9,37.8,0.0,0.0,8.0,1014.1,0.0
136,2016-08-14,8388839.0,2016,38,35,8,268,2,2,0,0,0,0,0,209,7,3,78,0,0,129,0,0,0,0,0,107,0,3,0,1,9,0,0,0,80,321,0,0,0,0,30.3,21.7,40.6,25.9,0.0,7.4,1011.0,0.0
137,2016-08-21,9746844.0,2016,46,83,9,285,0,5,0,0,1,0,0,208,12,5,70,0,0,121,0,0,0,0,0,106,0,5,0,0,10,0,0,0,76,406,0,0,0,0,25.0,21.7,33.9,140.2,0.0,4.6,1012.9,0.0
138,2016-08-28,9454819.0,2016,58,52,9,273,0,5,0,0,0,0,0,228,12,3,72,0,0,136,0,0,0,0,0,120,0,2,0,0,10,0,0,0,92,352,0,0,0,0,27.9,22.2,34.4,6.1,0.0,6.5,1016.2,0.0
139,2016-09-04,9317325.0,2016,71,76,10,298,0,2,0,0,0,0,0,210,14,3,72,0,0,130,0,0,0,0,0,132,0,3,0,0,11,0,0,0,80,400,0,0,0,0,27.6,22.8,35.6,4.1,0.0,5.3,1014.1,0.0
140,2016-09-11,9221939.0,2016,64,60,6,279,2,2,0,0,0,0,0,214,15,1,74,0,0,124,0,0,37,0,0,93,0,0,0,0,8,0,0,0,90,365,0,0,0,1,28.2,20.6,35.6,1.6,0.0,8.3,1016.7,0.0
141,2016-09-18,8923475.0,2016,56,64,8,293,2,0,0,0,0,0,0,216,13,2,92,0,0,130,1,0,13,0,1,128,0,2,0,0,7,0,0,0,78,386,0,0,0,0,28.7,21.1,36.7,0.0,0.0,4.1,1014.2,0.0
142,2016-09-25,8878391.0,2016,57,62,9,268,0,1,20,0,0,0,0,210,21,2,74,0,0,127,0,0,0,0,0,141,0,2,0,0,10,0,0,0,85,359,0,0,0,0,28.2,21.1,37.2,20.4,0.0,6.0,1015.3,0.0
143,2016-10-02,9321873.0,2016,41,60,10,292,1,3,26,0,0,0,0,211,15,3,80,0,0,130,0,0,0,0,0,135,0,2,0,0,13,0,0,0,81,381,0,0,0,0,22.0,14.4,31.7,31.0,0.0,4.4,1018.4,0.0
144,2016-10-09,8959916.0,2016,50,62,9,255,1,6,13,0,0,0,0,214,16,9,74,0,0,127,0,0,0,0,1,127,0,9,0,0,11,0,0,0,87,347,0,0,0,0,24.7,14.4,33.3,0.0,0.0,7.3,1015.0,0.0
145,2016-10-16,9239411.0,2016,78,61,9,276,1,2,0,0,0,0,0,217,19,4,84,0,0,132,0,0,0,0,0,146,0,4,0,0,16,0,0,0,84,369,0,0,0,1,24.0,11.1,34.4,4.3,0.0,4.5,1016.6,0.0
146,2016-10-23,9053327.0,2016,47,57,11,281,3,2,9,0,0,0,0,220,24,3,86,0,0,139,0,0,1,0,0,125,0,3,0,0,16,0,0,0,80,379,0,0,0,0,23.2,8.3,34.4,0.0,0.0,7.1,1017.2,0.0
147,2016-10-30,8791502.0,2016,37,32,10,287,1,2,0,0,0,0,0,207,19,4,85,0,0,125,0,0,0,0,1,104,0,4,0,0,18,0,0,1,83,348,0,0,0,0,23.4,16.1,31.1,0.0,0.0,4.3,1020.6,0.0
148,2016-11-06,8693766.0,2016,26,30,9,282,1,0,0,0,0,0,0,215,15,2,75,0,0,131,1,0,0,0,0,86,0,2,0,1,15,0,0,0,84,335,0,0,0,0,22.4,15.0,32.8,43.8,0.0,6.1,1020.7,0.0
149,2016-11-13,9433198.0,2016,29,44,9,273,4,1,0,0,0,0,0,215,15,2,87,0,0,130,0,0,3,0,0,101,0,2,1,1,12,0,0,0,78,351,0,0,0,1,17.8,12.2,25.0,18.7,0.0,5.0,1022.5,0.0
150,2016-11-20,8602864.0,2016,40,10,6,288,4,1,2,0,0,0,0,223,12,0,87,0,0,138,0,0,0,0,0,110,0,0,0,0,19,0,0,0,84,322,0,0,0,0,17.4,1.7,30.0,0.0,0.0,6.4,1021.6,0.0
151,2016-11-27,10245879.0,2016,17,56,10,311,0,1,0,0,0,0,0,231,25,4,95,0,0,142,1,0,5,0,0,89,0,3,0,0,18,0,0,0,77,414,1,0,0,1,17.3,6.7,25.0,16.5,0.0,5.7,1021.1,0.0
152,2016-12-04,8806986.0,2016,28,32,8,280,0,0,0,0,0,0,0,224,22,2,77,0,0,140,0,0,0,0,0,89,0,1,0,0,16,0,0,0,84,343,0,0,0,0,13.8,2.8,26.1,47.8,0.0,7.1,1012.5,0.0
153,2016-12-11,9303554.0,2016,30,38,8,267,1,2,14,0,0,0,0,216,28,2,99,0,0,135,0,0,3,0,0,121,0,2,0,0,19,0,0,0,82,343,0,0,0,0,8.6,0.6,19.4,16.5,0.0,7.4,1023.3,0.0
154,2016-12-18,8728842.0,2016,12,38,7,294,0,4,3,0,0,0,0,224,15,3,97,0,0,136,0,0,10,0,0,85,0,3,0,0,17,0,0,0,84,362,0,0,0,0,10.0,-3.2,25.0,0.0,0.0,8.9,1024.2,0.0
155,2016-12-25,9882430.0,2016,16,10,8,289,1,1,16,0,1,0,0,224,22,0,149,0,0,142,0,0,28,0,0,132,0,0,0,0,21,0,0,0,84,330,0,0,0,1,13.7,-4.9,26.7,0.3,0.0,7.3,1024.0,0.0
156,2017-01-01,12498878.0,2017,31,41,11,322,1,5,0,0,0,0,0,256,24,3,253,0,0,154,0,0,68,0,0,190,0,3,0,0,26,0,0,0,101,405,0,0,0,3,17.9,9.4,28.9,0.0,0.0,6.1,1023.6,0.0
157,2017-01-08,10193902.0,2017,17,50,8,286,0,1,0,0,0,0,0,246,24,4,129,0,0,148,0,0,10,0,0,119,0,4,0,0,17,0,0,0,98,369,0,0,0,2,6.7,-7.1,24.4,10.2,0.0,8.9,1025.0,0.0
158,2017-01-15,9341600.0,2017,22,43,9,306,2,0,0,0,1,0,0,225,13,3,80,0,0,139,0,0,0,0,0,87,0,3,0,0,15,0,0,0,88,372,0,0,0,0,17.4,6.1,27.2,33.8,0.0,9.9,1017.2,0.0
159,2017-01-22,9925624.0,2017,28,36,10,297,0,1,0,0,0,0,0,229,16,4,130,0,0,102,0,0,21,0,0,121,0,4,0,0,16,0,0,0,127,360,0,0,0,1,14.8,8.3,27.2,61.0,0.0,7.4,1009.6,0.0
160,2017-01-29,9511887.0,2017,22,39,9,306,0,4,0,0,0,0,0,223,24,4,125,0,0,134,0,0,17,0,0,112,0,4,0,0,18,0,0,0,90,381,0,0,0,0,12.9,3.3,28.9,0.0,0.0,8.7,1020.4,0.0
161,2017-02-05,9773849.0,2017,21,86,9,277,1,2,69,0,0,0,0,235,21,5,95,0,0,144,0,0,12,0,0,151,0,4,0,0,22,0,0,0,91,397,0,0,0,0,14.0,6.7,27.8,0.5,0.0,6.6,1020.8,0.0
162,2017-02-12,10182810.0,2017,55,40,10,269,0,3,0,0,0,0,0,228,17,4,140,0,0,99,0,0,65,0,0,114,0,4,0,0,16,0,0,0,123,345,0,0,0,0,19.6,6.1,30.6,0.0,0.0,7.5,1012.2,0.0
163,2017-02-19,10460172.0,2017,47,62,9,266,1,4,0,0,0,0,0,235,12,2,125,0,0,144,0,0,27,0,1,127,0,2,0,0,18,0,0,1,91,352,0,0,0,0,16.8,4.4,30.0,24.1,0.0,10.9,1015.4,0.0
164,2017-02-26,11038019.0,2017,60,41,9,293,3,2,41,0,0,0,0,215,19,4,162,0,0,126,0,0,42,0,1,200,0,6,0,0,19,0,0,0,89,366,0,0,0,1,17.6,5.6,32.2,28.4,0.0,7.4,1012.2,0.0
165,2017-03-05,9687520.0,2017,57,4,8,270,3,2,4,0,0,0,0,239,18,0,127,0,0,154,2,0,26,0,0,143,0,0,0,1,19,0,0,0,84,303,0,0,0,0,17.7,4.4,27.8,23.7,0.0,9.0,1021.3,0.0
166,2017-03-12,9570551.0,2017,32,0,6,259,0,2,14,0,0,0,0,210,5,0,145,0,0,132,0,0,60,0,0,112,0,0,0,0,18,0,0,0,72,279,0,0,0,0,19.7,8.3,28.9,18.8,0.0,8.3,1019.9,0.0
167,2017-03-19,11747871.0,2017,35,4,8,285,4,3,4,0,0,0,0,221,21,0,261,0,0,134,0,0,66,0,0,207,0,0,0,0,25,0,0,0,88,326,0,0,0,0,18.5,4.4,29.4,0.8,0.0,8.4,1021.2,0.0
168,2017-03-26,11609345.0,2017,50,1,10,273,2,4,0,0,0,0,0,224,20,0,208,0,1,136,0,0,9,0,0,224,0,0,0,0,25,0,0,0,87,310,0,0,0,0,22.2,11.7,30.0,1.3,0.0,11.3,1016.0,0.0
169,2017-04-02,10311544.0,2017,45,2,11,274,3,3,0,0,0,0,0,227,24,0,160,0,0,146,0,0,28,0,0,159,0,0,0,1,15,0,0,1,83,316,0,0,0,0,21.7,12.2,30.0,36.5,0.0,10.1,1009.1,0.0
170,2017-04-09,9858857.0,2017,64,0,10,274,0,6,0,0,0,0,0,226,17,0,147,0,0,131,0,0,16,0,0,176,0,0,0,0,19,0,0,0,94,308,0,0,0,0,20.2,9.4,32.2,0.0,0.0,8.5,1014.2,0.0
171,2017-04-16,10477773.0,2017,49,64,9,295,2,1,0,0,0,0,0,238,18,2,114,0,0,148,0,0,18,0,1,128,0,2,0,0,17,0,0,0,90,388,0,0,0,0,22.2,16.1,28.9,11.1,0.0,8.9,1017.6,0.0
172,2017-04-23,9903645.0,2017,34,82,8,293,4,2,0,0,0,0,0,230,18,5,117,0,0,140,0,0,20,0,0,113,0,5,0,0,18,0,0,0,90,407,0,0,0,0,21.7,10.0,31.7,0.3,0.0,9.0,1015.9,0.0
173,2017-04-30,9437331.0,2017,24,65,10,296,2,1,0,0,0,0,0,224,17,2,109,0,0,139,0,0,10,0,0,103,1,1,0,0,19,0,0,0,84,393,0,0,0,0,22.9,8.9,35.0,1.6,0.0,11.4,1005.7,0.0
174,2017-05-07,9202007.0,2017,33,72,10,304,0,5,0,0,0,0,0,226,20,4,96,0,0,138,1,0,4,0,0,107,0,4,0,0,17,0,0,0,88,411,0,0,0,0,23.1,10.6,35.0,0.0,0.0,10.0,1013.8,0.0
175,2017-05-14,9157271.0,2017,39,81,8,304,1,2,0,0,0,0,0,224,14,6,78,0,0,137,0,0,0,0,0,103,0,6,0,0,14,0,0,0,87,410,0,0,0,0,23.8,14.4,33.9,6.6,0.0,8.6,1012.6,0.0
176,2017-05-21,8807322.0,2017,30,37,8,283,0,3,0,0,0,0,0,224,13,4,83,0,0,139,1,0,0,0,0,92,0,4,0,0,21,0,0,0,83,345,0,0,0,0,25.2,16.7,35.0,51.0,0.0,11.4,1009.5,0.0
177,2017-05-28,8729175.0,2017,41,30,11,267,2,2,0,0,0,0,0,211,14,2,76,0,0,127,0,0,1,0,0,102,0,2,0,0,13,0,0,0,84,327,0,0,0,0,24.4,13.3,36.1,14.5,0.0,8.8,1011.0,0.0
178,2017-06-04,9765246.0,2017,56,53,9,299,1,5,0,0,1,0,0,218,12,3,84,0,0,133,0,0,0,0,0,125,0,3,0,0,15,0,0,0,86,379,0,0,0,1,25.3,19.4,33.3,10.9,0.0,4.4,1013.0,0.0
179,2017-06-11,9892415.0,2017,46,90,9,296,1,4,0,0,0,0,0,250,13,7,86,0,0,165,0,0,31,0,0,85,0,7,0,0,16,0,0,0,84,414,0,0,0,0,27.0,18.9,35.0,35.3,0.0,8.0,1010.6,0.0
180,2017-06-18,9026131.0,2017,20,119,8,287,2,2,0,0,0,0,0,228,15,6,79,0,0,159,0,0,0,0,0,82,0,6,0,0,17,0,0,0,70,432,0,0,0,0,29.9,23.9,38.3,0.0,0.0,11.8,1010.2,0.0
181,2017-06-25,8988404.0,2017,21,52,8,286,0,5,0,0,0,0,0,225,13,3,76,0,0,138,0,0,0,0,0,84,0,3,0,0,13,0,0,1,86,364,0,0,0,0,29.1,22.2,40.0,4.4,0.0,8.3,1011.2,0.0
182,2017-07-02,8489550.0,2017,45,80,10,289,1,3,0,0,0,0,0,226,8,3,78,0,0,143,0,0,45,0,0,64,0,3,0,0,14,0,0,0,84,390,0,0,0,0,28.6,21.7,37.8,27.5,0.0,8.5,1013.1,0.0
183,2017-07-09,8920896.0,2017,27,62,10,285,2,2,0,0,0,0,0,232,10,6,77,0,0,138,0,0,0,0,0,88,0,5,0,0,16,0,0,0,94,372,0,0,0,1,30.7,23.9,38.3,0.5,0.0,7.5,1015.2,0.0
184,2017-07-16,8687286.0,2017,40,67,8,272,1,3,0,0,1,0,0,235,23,6,73,0,0,145,0,0,0,0,0,100,0,6,0,0,13,0,0,0,92,373,0,0,0,0,30.0,20.0,39.4,4.1,0.0,7.1,1014.9,0.0
185,2017-07-23,8448706.0,2017,25,79,8,273,1,4,0,0,1,0,0,235,11,4,69,0,0,144,0,0,0,0,0,83,0,4,0,0,11,0,0,0,93,375,0,0,0,0,30.9,24.4,40.0,1.0,0.0,7.5,1014.3,0.0
186,2017-07-30,8792155.0,2017,18,80,9,275,0,3,0,0,0,0,0,236,15,5,72,0,0,149,0,0,0,0,0,76,0,4,0,0,14,0,0,0,86,384,0,0,0,0,31.6,23.9,41.7,0.3,0.0,7.6,1014.1,0.0
187,2017-08-06,8814749.0,2017,35,63,9,266,2,1,0,0,0,0,0,231,17,6,77,0,0,136,0,0,0,0,0,98,0,6,0,0,14,0,0,0,95,358,0,0,0,0,30.0,23.9,38.9,0.8,0.0,6.7,1014.0,0.0
188,2017-08-13,8564386.0,2017,42,46,8,289,1,2,0,0,1,0,0,205,20,2,77,0,0,124,0,0,36,0,0,67,0,2,0,0,16,0,0,0,82,366,0,0,0,0,29.4,20.6,38.3,61.2,0.0,6.1,1014.1,0.0
189,2017-08-20,8552710.0,2017,35,43,6,265,1,2,0,0,0,0,0,224,14,4,72,0,0,122,0,0,0,0,0,93,0,3,0,0,14,0,0,0,92,342,0,0,0,0,31.3,24.4,38.9,0.0,0.0,9.5,1012.9,0.0
190,2017-08-27,11106849.0,2017,151,38,7,268,0,4,0,0,0,0,0,222,14,2,122,0,0,109,0,0,0,0,0,253,0,2,0,0,20,0,0,0,108,336,0,0,0,0,27.6,21.1,37.8,201.6,0.0,10.1,1012.6,0.0
191,2017-09-03,11221005.0,2017,163,93,10,277,4,4,0,0,0,0,0,229,10,5,139,0,0,140,0,0,6,0,0,280,0,5,0,0,16,0,0,0,88,399,0,0,0,0,26.7,20.0,34.4,1.5,0.0,7.6,1013.4,0.0
192,2017-09-10,9663684.0,2017,123,48,8,276,1,4,0,0,0,0,0,221,0,4,93,0,0,130,0,0,71,1,0,130,0,4,0,0,15,0,0,0,90,337,0,0,0,1,25.1,13.9,35.6,0.0,0.0,5.4,1017.8,0.0
193,2017-09-17,9045080.0,2017,96,60,8,296,3,4,0,0,0,0,0,220,4,5,82,0,0,128,0,0,0,0,0,160,0,5,0,0,18,0,0,0,92,375,0,0,0,0,26.3,16.1,34.4,0.0,0.0,7.0,1012.4,0.0
194,2017-09-24,8905166.0,2017,82,64,8,278,1,3,0,0,0,0,0,219,4,5,81,0,0,126,0,0,1,0,0,143,0,5,0,0,19,0,0,0,86,365,0,0,0,0,28.0,22.8,35.6,0.5,0.0,9.0,1012.0,0.0
195,2017-10-01,8716708.0,2017,49,12,7,268,0,4,0,0,0,0,0,220,24,1,93,0,0,132,0,0,1,0,0,100,1,1,0,0,39,0,0,0,89,315,0,0,0,0,24.3,16.7,32.8,51.0,0.0,6.6,1014.3,0.0
196,2017-10-08,8505339.0,2017,56,7,11,283,0,4,0,0,0,0,0,210,11,3,87,0,0,135,1,0,0,0,0,103,0,3,0,0,38,0,0,0,71,321,0,0,0,0,25.8,20.0,32.8,16.3,0.0,5.4,1012.5,0.0
197,2017-10-15,8323429.0,2017,50,3,7,276,1,3,0,0,0,0,0,212,18,0,97,0,0,125,0,0,0,0,0,105,0,0,0,0,42,0,0,0,82,313,0,0,0,1,23.9,13.9,33.3,0.3,0.0,7.0,1017.0,0.0
198,2017-10-22,8440545.0,2017,34,46,10,280,2,4,0,0,0,0,0,229,17,2,96,0,0,138,0,0,0,0,0,92,0,2,0,0,38,0,0,0,89,361,0,0,0,0,20.8,9.4,31.7,18.5,0.0,5.8,1021.1,0.0
199,2017-10-29,8233735.0,2017,29,31,8,277,2,2,0,0,0,0,0,219,20,4,99,0,0,134,0,0,0,0,0,85,0,4,0,0,42,0,0,0,85,341,0,0,0,0,16.1,3.9,28.3,0.0,0.0,7.4,1019.5,0.0
200,2017-11-05,8928395.0,2017,31,42,9,285,3,1,0,0,0,0,0,223,18,3,97,0,1,136,0,0,0,0,0,87,0,3,1,0,39,0,0,0,87,358,0,0,0,0,21.4,8.9,31.1,9.7,0.0,6.5,1014.2,0.0
201,2017-11-12,9202604.0,2017,33,68,9,268,0,5,0,0,0,0,0,229,17,4,109,0,0,141,0,0,2,0,0,93,0,4,0,0,46,0,0,0,88,368,0,0,0,2,17.3,7.8,31.1,3.0,0.0,7.1,1019.5,0.0
202,2017-11-19,8662823.0,2017,30,25,8,286,1,3,0,0,0,0,0,223,11,3,112,0,0,138,0,0,4,0,0,91,0,3,1,0,47,0,0,0,86,332,0,0,0,0,20.7,6.1,29.4,0.0,0.0,7.6,1017.4,0.0
203,2017-11-26,10114722.0,2017,21,55,10,310,0,4,0,0,0,0,0,210,28,4,128,0,0,125,0,0,9,0,0,87,0,4,0,0,53,0,0,0,85,407,0,0,0,1,15.0,3.3,27.2,0.0,0.0,5.0,1018.9,0.0
204,2017-12-03,9366575.0,2017,45,29,9,289,1,4,0,0,0,0,0,240,32,3,110,0,0,142,0,0,1,0,0,107,0,4,1,0,46,0,0,0,94,367,0,0,0,0,17.5,7.8,26.7,0.3,0.0,4.4,1019.6,0.0
205,2017-12-10,9643141.0,2017,31,66,5,283,1,2,0,0,0,0,0,236,20,5,119,0,0,138,0,0,34,0,0,71,0,5,1,0,44,0,0,0,97,377,1,0,0,0,10.5,-0.5,29.4,29.8,0.0,8.1,1024.1,0.0
206,2017-12-17,9040018.0,2017,16,39,7,285,0,5,0,0,0,0,0,213,25,4,110,0,0,125,0,0,1,0,0,80,0,4,0,0,45,0,0,0,82,367,0,0,0,0,10.7,2.2,24.4,33.5,0.0,5.6,1022.4,0.0
207,2017-12-24,9603338.0,2017,9,65,6,312,0,3,0,0,0,0,0,240,12,5,100,0,0,145,0,0,4,0,0,70,0,5,0,0,35,0,0,0,88,405,0,0,0,0,13.1,2.8,26.1,46.0,0.0,5.6,1020.5,0.0
208,2017-12-31,9903316.0,2018,14,33,5,317,0,5,0,0,0,0,0,272,23,5,115,0,0,163,0,0,2,0,0,79,0,5,0,0,48,0,0,0,108,384,0,0,0,1,5.1,-2.7,17.2,0.0,0.0,8.1,1032.0,0.0
209,2018-01-07,9745404.0,2018,25,54,6,306,3,2,0,0,0,0,0,243,25,6,140,0,0,149,0,0,10,0,0,108,0,5,0,0,47,0,0,0,94,397,0,0,0,1,6.0,-5.5,19.4,0.0,0.0,6.3,1030.5,0.0
210,2018-01-14,9708312.0,2018,32,36,6,307,1,0,0,0,0,0,0,249,11,6,121,0,0,143,0,0,2,0,0,103,0,6,0,0,48,0,0,0,104,363,0,0,0,0,10.3,-1.6,22.2,0.0,0.0,8.4,1023.3,0.0
211,2018-01-21,8609181.0,2018,22,51,8,284,2,2,0,0,0,0,0,213,21,7,104,0,0,133,0,0,1,0,0,78,0,7,0,1,47,0,0,0,74,372,0,0,1,1,7.2,-7.7,22.2,6.7,0.0,7.4,1029.9,0.0
212,2018-01-28,9195291.0,2018,18,38,7,280,1,4,0,0,0,0,0,261,26,6,134,0,0,165,0,0,1,0,0,92,0,6,0,0,59,0,0,1,96,355,0,0,0,0,12.8,0.0,21.7,0.5,0.0,6.8,1025.1,0.0
213,2018-02-04,8721674.0,2018,30,31,7,286,2,0,0,0,0,0,0,223,19,4,110,0,0,141,0,0,0,0,0,94,0,4,0,1,46,0,0,0,80,346,0,0,0,0,12.5,1.1,24.4,1.5,0.0,8.3,1023.5,0.0
214,2018-02-11,8341968.0,2018,32,39,6,299,0,5,0,0,0,0,0,239,18,4,104,0,0,142,0,0,10,0,0,79,0,4,0,0,47,0,0,0,95,369,0,0,0,0,8.3,-0.5,17.8,6.4,0.0,8.4,1023.4,0.0
215,2018-02-18,8814421.0,2018,31,39,6,274,0,2,0,0,0,0,0,218,19,6,106,0,0,131,0,0,0,0,0,90,0,6,0,1,47,0,0,0,87,339,0,0,0,0,13.0,-0.5,25.0,2.0,0.0,6.4,1022.5,0.0
216,2018-02-25,9614231.0,2018,33,22,9,290,2,2,0,0,0,0,0,235,21,2,107,0,0,138,0,0,0,0,0,92,0,2,0,0,48,0,0,0,92,351,0,0,0,1,15.1,2.8,26.7,31.8,0.0,9.8,1014.5,0.0
217,2018-03-04,10067732.0,2018,39,3,6,281,1,0,0,0,0,0,0,226,27,0,167,0,0,140,0,0,24,0,0,119,0,0,0,0,63,0,0,0,82,320,2,0,0,0,17.7,8.3,28.3,6.6,0.0,8.7,1019.4,0.0
218,2018-03-11,10335862.0,2018,24,0,5,281,0,0,0,0,0,0,0,223,0,0,236,0,0,129,0,0,73,0,0,105,0,0,1,0,81,0,0,0,90,290,0,0,0,0,18.3,8.3,32.2,0.0,0.0,10.2,1017.3,0.0
219,2018-03-18,10908171.0,2018,25,3,9,283,0,3,0,0,0,0,0,226,20,0,246,0,0,146,0,0,36,0,0,156,0,0,0,0,79,0,0,0,81,317,0,0,0,0,18.3,5.0,31.7,0.8,0.0,7.6,1018.0,0.0
220,2018-03-25,11109015.0,2018,28,1,9,285,0,4,0,0,0,0,0,242,24,0,216,0,0,147,0,0,5,0,0,169,0,0,0,0,70,0,0,0,95,322,1,0,0,0,19.9,6.1,28.9,0.0,0.0,9.8,1015.6,0.0
221,2018-04-01,10773625.0,2018,33,2,9,288,2,3,0,0,0,0,0,223,21,0,182,0,0,131,0,0,33,0,0,121,0,0,0,0,61,0,0,0,92,325,0,0,0,0,20.7,12.8,31.1,89.4,0.0,10.1,1016.4,0.0
222,2018-04-08,10019756.0,2018,39,3,9,273,0,6,0,0,0,0,0,227,17,1,166,0,0,139,0,0,17,0,0,132,0,1,1,0,55,0,0,0,89,307,0,0,0,0,17.6,4.4,28.9,2.0,0.0,10.5,1014.6,0.0
223,2018-04-15,10373681.0,2018,48,46,8,291,2,2,0,0,3,0,0,231,18,4,167,2,0,142,0,0,27,1,0,123,0,4,0,0,65,0,0,0,90,366,0,0,0,0,18.8,8.3,31.1,1.8,0.0,10.4,1016.1,0.0
224,2018-04-22,9981252.0,2018,40,93,8,285,3,2,0,0,2,0,0,237,17,4,129,2,0,138,0,0,1,0,0,114,0,4,0,0,53,0,0,0,100,407,1,0,0,0,19.5,8.3,30.6,0.8,0.0,9.8,1018.9,0.0
225,2018-04-29,9600744.0,2018,37,52,9,264,1,3,0,16,5,0,0,231,14,6,102,5,0,142,0,0,0,0,0,108,0,6,0,0,47,0,0,0,90,342,0,0,0,0,20.8,10.0,31.7,7.1,0.0,5.0,1017.1,0.0
226,2018-05-06,9801910.0,2018,46,72,9,276,0,1,0,22,5,0,0,232,10,7,92,5,0,136,0,0,0,0,0,111,0,7,0,0,49,0,0,0,98,366,0,0,0,0,22.9,15.6,32.2,93.8,0.0,10.2,1016.8,0.0
227,2018-05-13,9660603.0,2018,40,93,7,285,0,4,0,21,4,0,0,222,17,4,84,4,0,139,0,0,0,0,0,99,0,4,0,0,46,0,0,0,85,404,0,0,0,0,25.6,14.4,32.8,0.0,0.0,10.0,1014.9,0.0
228,2018-05-20,9502268.0,2018,36,77,9,273,2,1,0,21,4,0,0,224,15,5,75,4,0,136,0,0,0,0,0,88,0,5,0,0,44,0,0,0,88,377,0,0,0,0,27.2,18.9,36.1,22.6,0.0,8.9,1010.9,0.0
229,2018-05-27,9267042.0,2018,22,83,9,282,2,2,0,21,4,0,0,217,12,9,84,4,0,127,0,0,0,0,0,81,0,9,0,0,46,0,0,0,91,387,2,0,0,0,27.5,20.6,37.2,0.0,0.0,7.1,1012.4,0.0
230,2018-06-03,10713728.0,2018,118,92,9,281,3,4,0,19,5,0,0,232,20,6,71,5,0,146,1,0,0,0,0,163,0,4,0,0,45,0,0,0,85,411,0,0,0,1,30.0,22.8,38.3,0.8,0.0,9.1,1009.5,0.0
231,2018-06-10,9904084.0,2018,109,94,7,271,2,1,0,22,2,0,0,221,13,9,76,2,0,124,0,0,34,0,0,128,0,9,0,0,45,0,0,0,96,389,0,0,0,0,29.3,21.7,37.2,32.8,0.0,9.3,1012.0,0.0
232,2018-06-17,8828875.0,2018,48,55,8,273,3,3,0,20,1,0,0,212,15,5,72,1,0,123,0,0,0,0,0,94,0,4,0,0,45,0,0,0,89,359,0,0,0,0,29.5,23.9,37.8,7.4,0.0,10.5,1012.0,0.0
233,2018-06-24,9210387.0,2018,33,111,7,272,1,3,0,34,3,0,0,220,12,7,63,3,0,138,0,0,0,0,0,65,0,6,0,0,64,0,0,0,84,406,0,0,0,0,28.1,23.3,38.3,12.5,0.0,9.3,1010.4,0.0
234,2018-07-01,8284594.0,2018,34,61,10,272,1,2,0,34,1,0,0,217,13,5,64,1,0,126,0,0,31,0,0,35,0,5,0,0,66,0,0,0,91,358,1,0,0,0,30.5,24.4,40.0,0.8,0.0,11.8,1013.2,0.0
235,2018-07-08,9414411.0,2018,24,81,7,273,1,1,0,35,3,0,0,216,11,2,67,3,0,131,0,0,0,0,0,56,0,2,0,0,70,0,0,0,89,369,0,0,1,1,28.6,22.2,39.4,57.2,0.0,6.1,1015.9,0.0
236,2018-07-15,9206918.0,2018,43,77,7,287,2,2,0,39,4,0,0,218,14,4,65,4,0,142,0,0,0,0,0,78,0,4,0,0,69,0,0,0,79,386,0,0,0,0,29.1,22.8,36.1,45.0,0.0,7.0,1016.3,0.0
237,2018-07-22,8386970.0,2018,32,72,5,255,1,2,0,33,2,0,0,219,16,3,64,2,0,142,0,0,0,0,0,65,0,3,1,0,63,0,0,0,76,352,0,0,0,0,31.3,23.3,41.1,0.0,0.0,7.9,1013.5,0.0
238,2018-07-29,8570609.0,2018,20,87,7,270,1,3,0,36,2,0,0,218,15,9,64,2,0,128,0,0,0,0,0,55,0,9,0,0,65,0,0,0,91,382,0,0,0,0,32.2,23.3,43.3,0.0,0.0,6.2,1013.7,0.0
239,2018-08-05,8398265.0,2018,35,69,9,256,3,2,0,35,3,0,0,234,17,5,74,3,0,144,0,0,0,0,0,70,0,5,0,0,74,0,0,1,91,354,0,0,0,0,30.4,21.1,38.3,0.3,0.0,7.1,1014.7,0.0
240,2018-08-12,8473014.0,2018,69,46,7,261,2,4,0,36,2,0,0,216,14,5,66,2,0,122,0,0,56,2,0,47,0,5,0,0,68,0,0,0,92,334,0,0,0,0,29.2,23.3,38.9,8.1,0.0,7.5,1015.3,0.0
241,2018-08-19,8457662.0,2018,42,58,7,253,1,3,0,38,3,0,0,207,19,4,61,3,0,129,0,0,0,0,0,74,0,4,0,0,67,0,0,0,79,340,0,0,0,0,31.1,24.4,40.6,0.0,0.0,10.1,1014.0,0.0
242,2018-08-26,8773736.0,2018,48,77,10,267,2,2,0,44,2,0,0,234,17,2,65,3,0,140,0,0,0,0,0,80,0,1,0,0,77,0,0,0,96,373,0,0,0,0,32.0,25.0,40.0,0.0,0.0,7.9,1015.0,0.0
243,2018-09-02,7938089.0,2018,51,13,8,264,0,1,0,45,2,0,0,212,11,0,67,2,0,137,0,0,0,0,0,89,0,0,0,0,74,0,0,1,76,295,0,0,0,0,30.4,23.3,39.4,0.0,0.0,8.2,1013.0,0.0
244,2018-09-09,8545455.0,2018,31,10,6,265,2,1,0,45,1,0,0,218,17,1,76,1,0,136,0,0,0,0,0,72,0,1,0,0,80,0,0,0,82,301,0,0,0,1,26.5,22.8,36.1,77.7,0.0,4.4,1013.6,0.0
245,2018-09-16,8996815.0,2018,30,61,8,271,2,2,0,46,1,0,0,215,17,7,58,1,0,129,0,0,0,0,0,65,0,8,0,0,69,0,0,0,86,360,0,0,0,0,25.0,21.7,33.3,32.0,0.0,4.9,1013.9,0.0
246,2018-09-23,8953503.0,2018,30,37,7,268,0,3,0,44,2,0,0,215,18,7,71,2,0,130,0,0,0,0,0,74,0,7,0,0,71,0,0,0,85,333,0,0,0,0,26.0,20.0,35.0,56.1,0.0,5.3,1013.1,0.0
247,2018-09-30,8846263.0,2018,30,59,9,265,2,3,0,43,0,0,0,210,13,6,73,0,0,128,0,0,0,0,0,74,0,6,0,0,72,0,0,0,82,351,0,0,0,0,24.6,16.7,35.0,36.3,0.0,5.6,1015.9,0.0
248,2018-10-07,8689636.0,2018,32,39,9,275,1,3,0,48,2,0,0,219,18,5,68,2,0,131,0,0,0,0,0,71,0,5,0,1,76,0,0,0,88,345,0,0,0,0,26.6,21.7,32.8,15.0,0.0,7.4,1015.0,0.0
249,2018-10-14,8889830.0,2018,40,49,6,278,2,1,0,48,2,0,0,213,12,4,70,1,0,137,0,0,0,0,0,81,0,4,0,0,78,0,0,0,76,348,0,0,0,1,23.4,16.1,32.2,81.6,0.0,7.0,1010.8,0.0
250,2018-10-21,9050277.0,2018,30,58,7,272,3,3,0,48,1,0,0,227,16,4,70,1,0,138,0,0,0,0,0,72,0,4,0,0,76,0,0,0,90,358,0,0,0,0,13.8,6.7,23.3,78.3,0.0,8.3,1023.1,0.0
251,2018-10-28,9317410.0,2018,21,52,9,256,2,2,0,43,0,0,0,231,24,5,73,0,0,141,0,0,0,0,0,68,0,3,0,0,69,0,0,0,92,345,0,0,0,0,17.6,11.1,30.0,17.1,0.0,3.5,1017.9,0.0
252,2018-11-04,10033271.0,2018,28,55,7,275,0,4,0,37,3,0,0,231,27,6,89,3,0,138,0,0,0,1,0,74,0,6,0,0,80,0,0,0,91,369,0,0,0,0,19.1,7.8,28.9,15.7,0.0,7.5,1015.0,0.0
253,2018-11-11,8893115.0,2018,28,58,9,270,1,2,0,48,3,0,0,227,21,7,74,2,0,136,0,0,0,0,0,72,0,7,1,0,78,0,0,0,91,361,0,0,0,1,16.0,7.8,30.0,29.2,0.0,6.8,1017.4,0.0
254,2018-11-18,8530570.0,2018,31,6,8,261,0,3,0,61,2,0,0,221,16,0,67,1,1,135,0,0,0,0,0,80,0,0,1,0,79,0,0,0,85,294,0,0,0,2,9.0,-1.6,23.3,3.6,0.0,6.7,1025.4,0.0
255,2018-11-25,10250967.0,2018,20,39,8,307,1,2,0,58,3,0,0,232,32,3,73,3,0,144,0,0,0,0,0,73,0,3,0,0,78,0,0,0,90,387,0,0,0,1,13.1,4.4,26.1,0.0,0.0,5.7,1019.7,0.0
256,2018-12-02,10974740.0,2018,39,70,7,286,1,3,0,63,3,0,0,243,25,3,116,3,0,140,0,0,0,0,0,115,0,3,0,0,103,0,0,0,106,389,0,0,0,0,15.0,0.6,25.6,0.8,0.0,6.8,1013.9,0.0
257,2018-12-09,9465926.0,2018,26,42,8,270,1,2,0,52,5,0,0,219,30,6,92,5,0,133,0,0,0,0,0,81,0,5,0,0,90,0,0,0,88,351,0,0,0,0,9.5,2.8,17.2,74.2,0.0,8.0,1024.5,0.0
258,2018-12-16,9824231.0,2018,21,48,10,287,0,3,0,66,3,0,0,224,25,5,94,3,0,135,0,0,0,0,0,91,0,5,1,0,89,0,0,0,89,373,0,0,0,0,10.9,0.0,21.1,0.0,0.0,8.0,1020.9,0.0
259,2018-12-23,9435176.0,2018,24,4,8,276,0,4,0,48,0,0,0,239,14,0,87,0,0,157,0,0,0,0,0,82,0,0,0,0,77,0,0,0,82,306,0,0,0,0,13.1,3.3,27.2,2.0,0.0,6.3,1017.7,0.0
260,2018-12-30,9963026.0,2019,16,29,6,300,2,1,0,46,0,0,0,234,9,2,83,0,0,138,0,0,0,0,0,62,0,1,0,0,83,0,0,0,96,348,0,0,0,1,11.6,2.2,23.3,70.4,0.0,9.3,1017.2,0.0
261,2019-01-06,10589949.0,2019,28,56,6,288,3,5,0,50,2,0,0,237,19,4,77,2,0,145,0,0,0,0,0,83,0,3,0,1,72,0,0,0,93,376,0,0,0,1,8.1,0.0,23.9,66.8,0.0,6.7,1018.9,0.0
262,2019-01-13,9620339.0,2019,40,44,7,270,2,1,0,44,3,0,0,241,24,6,73,3,0,140,0,0,0,0,0,83,0,6,0,1,74,0,0,0,102,346,0,0,0,0,13.1,2.8,25.0,8.1,0.0,7.2,1023.3,0.0
263,2019-01-20,9156428.0,2019,28,53,9,284,4,2,0,41,1,0,0,231,17,4,80,1,0,138,0,0,0,1,0,74,0,4,0,0,75,0,0,0,93,368,0,0,0,0,10.8,0.0,25.0,1.0,0.0,6.5,1023.2,0.0
264,2019-01-27,8994118.0,2019,26,44,8,262,0,2,0,37,2,0,0,227,21,2,82,2,0,139,0,0,0,1,0,72,0,2,0,0,73,0,0,0,89,335,0,0,0,1,10.7,0.0,20.6,11.0,0.0,7.7,1020.4,0.0
265,2019-02-03,9016490.0,2019,38,47,9,269,2,2,0,54,2,0,0,232,22,4,54,2,0,141,0,0,0,0,0,79,0,4,0,0,67,0,0,0,91,351,0,0,0,0,12.9,2.2,24.4,0.8,0.0,6.6,1019.1,0.0
266,2019-02-10,8656664.0,2019,27,43,9,279,4,2,0,44,3,0,0,228,20,3,69,3,0,138,0,0,0,0,0,69,0,3,0,0,71,0,0,0,90,357,0,0,0,0,12.8,0.6,26.1,5.1,0.0,8.6,1020.4,0.0
267,2019-02-17,9369464.0,2019,30,57,8,279,0,4,0,35,4,0,0,228,15,7,90,4,0,135,0,0,0,0,0,83,0,6,0,1,72,0,0,0,93,363,0,0,0,0,13.7,0.0,32.8,1.3,0.0,7.6,1014.0,0.0
268,2019-02-24,9450902.0,2019,37,36,8,266,2,2,0,50,4,0,0,246,19,5,80,4,0,147,0,0,0,0,0,93,0,4,0,0,75,0,0,0,99,333,0,0,0,1,11.1,4.4,23.9,5.8,0.0,7.9,1017.3,0.0
269,2019-03-03,8102221.0,2019,23,15,7,267,1,2,0,41,3,0,0,219,16,1,92,3,0,133,0,0,0,0,0,74,0,1,0,0,82,0,0,0,86,308,0,0,0,0,11.0,0.6,26.1,2.5,0.0,7.6,1019.7,0.0
270,2019-03-10,9740707.0,2019,27,0,8,272,0,0,0,74,0,0,0,221,10,0,87,0,0,144,0,0,0,0,0,105,0,0,0,0,83,0,0,0,77,290,0,0,0,0,13.0,-3.2,30.6,1.0,0.0,9.5,1020.8,0.0
271,2019-03-17,10482474.0,2019,28,6,8,279,2,3,0,111,2,0,0,225,25,0,126,1,0,145,0,0,0,0,0,145,0,0,0,1,119,0,0,0,80,324,0,0,0,0,16.6,6.1,28.3,9.4,0.0,10.1,1019.5,0.0
272,2019-03-24,10922706.0,2019,15,7,10,283,2,3,0,95,4,0,0,232,33,0,169,4,0,139,0,0,0,0,0,150,0,0,1,0,128,0,0,0,94,337,0,0,0,0,18.0,7.8,28.3,0.0,0.0,6.5,1021.2,0.0
273,2019-03-31,10172131.0,2019,22,8,9,272,4,1,0,52,5,0,0,229,26,0,154,5,1,134,0,0,0,0,0,129,0,0,0,0,95,0,0,0,96,322,0,0,0,0,18.2,6.1,27.8,0.0,0.0,10.2,1020.4,0.0
274,2019-04-07,9778123.0,2019,25,10,8,273,3,1,0,51,3,0,0,217,19,1,122,3,0,131,1,0,0,0,0,108,0,0,0,0,88,0,0,0,87,315,0,0,0,0,18.2,4.4,33.3,121.2,0.0,7.3,1016.5,0.0
275,2019-04-14,10927711.0,2019,42,7,9,271,0,4,0,61,3,0,0,219,21,0,154,3,0,134,0,0,1,0,0,145,0,0,0,0,111,0,0,0,85,312,0,0,0,0,20.5,7.8,33.9,11.2,0.0,8.9,1009.0,0.0
276,2019-04-21,10738894.0,2019,49,8,5,276,3,3,0,49,3,0,0,234,18,1,138,3,0,137,1,0,0,0,0,137,0,1,0,0,97,0,0,0,96,315,0,0,0,0,20.3,8.3,29.4,14.5,0.0,11.0,1013.8,0.0
277,2019-04-28,10765374.0,2019,39,97,7,282,1,1,0,57,4,0,0,218,16,4,98,3,0,134,0,0,0,0,0,102,0,4,0,0,90,0,0,0,85,406,0,0,0,0,21.7,13.9,31.1,37.6,0.0,9.4,1013.6,0.0
278,2019-05-05,10381647.0,2019,38,48,7,296,0,5,0,38,5,0,0,234,12,3,91,4,1,136,0,0,0,0,0,85,0,3,0,0,81,0,0,0,97,370,0,0,0,0,22.9,15.6,30.0,87.4,0.0,10.2,1011.8,0.0
279,2019-05-12,9801867.0,2019,31,59,10,287,1,2,0,29,4,0,0,217,13,5,98,4,0,129,0,0,0,0,1,82,0,5,0,0,76,0,0,0,89,370,0,0,0,0,20.7,12.8,30.6,86.4,0.0,8.0,1011.3,0.0
280,2019-05-19,10008282.0,2019,38,86,8,275,2,1,0,40,9,0,0,226,13,4,88,8,0,139,0,0,0,0,0,89,0,4,0,0,77,0,0,0,87,386,0,0,0,0,24.8,13.3,32.8,1.5,0.0,7.6,1011.7,0.0
281,2019-05-26,9941843.0,2019,53,84,10,271,4,2,0,33,3,0,0,221,12,5,88,3,0,133,0,0,0,0,0,103,0,4,0,0,71,0,0,0,88,384,0,0,0,0,27.3,17.8,33.3,4.1,0.0,14.2,1010.5,0.0
282,2019-06-02,10417341.0,2019,26,95,9,291,0,2,0,32,6,0,0,233,15,4,90,5,0,137,1,0,0,0,0,75,0,3,0,0,72,0,0,0,96,414,0,0,0,1,27.2,22.2,34.4,12.2,0.0,8.5,1010.8,0.0
283,2019-06-09,10328549.0,2019,49,66,9,261,3,2,0,39,3,0,0,228,13,7,75,3,0,139,0,0,0,0,0,96,0,6,0,0,67,0,0,0,88,356,0,0,0,0,27.3,19.4,36.7,54.1,0.0,4.6,1010.0,0.0
284,2019-06-16,9956604.0,2019,57,106,6,267,1,2,0,31,3,0,0,215,12,10,86,3,0,126,0,0,0,0,0,108,0,10,0,0,66,0,0,0,89,394,0,0,0,0,26.7,18.9,35.0,6.6,0.0,8.0,1015.3,0.0
285,2019-06-23,9384766.0,2019,35,44,10,272,1,2,0,32,0,0,0,227,7,5,88,0,0,139,0,1,0,0,0,85,0,5,0,0,69,0,0,1,89,334,0,0,0,0,28.8,20.6,36.1,4.8,0.0,9.6,1010.1,0.0
286,2019-06-30,9440958.0,2019,37,123,7,275,2,4,0,49,6,0,0,222,12,12,66,5,0,123,0,0,0,0,0,85,0,11,0,1,68,0,0,0,97,425,0,0,0,0,26.1,19.4,35.6,47.6,0.0,6.4,1016.4,0.0
287,2019-07-07,9879631.0,2019,29,65,8,282,1,4,0,34,3,0,0,224,16,7,87,3,0,130,0,0,0,0,0,76,0,6,0,0,72,0,0,0,95,378,0,0,0,1,28.6,23.3,36.1,0.3,0.0,8.9,1014.6,0.0
288,2019-07-14,9415338.0,2019,58,70,6,307,2,2,0,34,8,0,0,219,10,9,82,8,0,126,0,0,0,0,0,102,0,9,0,0,70,0,0,0,94,398,0,0,0,0,29.9,22.2,37.8,9.7,0.0,6.5,1011.7,0.0
289,2019-07-21,8832787.0,2019,26,72,7,288,2,3,0,42,5,0,0,226,12,4,70,4,0,136,0,0,0,0,0,66,0,4,0,0,72,0,0,0,92,383,0,0,0,0,30.6,24.4,37.8,0.0,0.0,9.7,1013.3,0.0
290,2019-07-28,8715776.0,2019,46,44,6,292,1,4,0,33,7,0,0,222,15,5,74,7,0,127,0,0,0,0,0,85,0,5,0,0,68,0,0,0,97,360,0,0,0,0,28.9,17.2,38.3,0.0,0.0,6.5,1017.1,0.0
291,2019-08-04,8725819.0,2019,47,72,6,299,3,1,0,35,7,0,0,244,12,5,75,7,0,145,0,0,0,0,1,85,1,5,0,0,69,0,0,0,100,393,0,0,0,0,30.8,23.9,39.4,5.1,0.0,6.3,1014.0,0.0
292,2019-08-11,8550483.0,2019,52,60,8,277,2,4,0,37,4,0,0,226,19,7,82,3,0,132,0,0,0,0,0,92,0,8,0,0,80,0,0,1,94,368,0,0,0,0,31.8,25.0,40.6,0.0,0.0,8.4,1012.2,0.0
293,2019-08-18,8639715.0,2019,30,90,8,260,1,2,0,35,8,0,0,210,23,4,80,8,0,125,0,0,0,0,0,72,0,3,0,0,72,1,0,0,85,385,0,0,0,0,32.3,25.6,40.6,0.0,0.0,8.1,1011.6,0.0
294,2019-08-25,9225931.0,2019,46,81,7,285,2,0,0,40,1,0,0,239,22,10,75,1,0,152,0,0,0,0,0,85,0,9,0,0,76,0,0,0,86,399,0,0,0,0,30.7,23.9,39.4,33.0,0.0,7.3,1012.3,0.0
295,2019-09-01,7954774.0,2019,50,14,9,273,1,6,0,40,2,0,0,232,14,1,84,1,0,140,0,0,0,0,0,90,0,1,0,0,83,0,0,0,93,318,0,0,0,0,30.6,24.4,38.9,0.3,0.0,6.6,1013.3,0.0
296,2019-09-08,8381547.0,2019,56,17,6,272,2,3,0,40,3,0,0,227,18,1,78,3,0,136,0,0,0,0,0,95,0,1,0,0,78,0,0,0,91,319,0,0,0,1,31.5,23.3,39.4,0.0,0.0,6.0,1014.8,0.0
297,2019-09-15,8680561.0,2019,41,69,9,269,2,2,0,36,2,0,0,223,18,5,75,2,0,124,0,0,0,0,0,79,0,5,0,0,73,0,0,0,99,369,0,0,0,0,29.4,22.8,38.3,4.8,0.0,6.3,1016.6,0.0
298,2019-09-22,8611264.0,2019,34,83,8,270,2,2,0,55,3,0,0,231,21,4,54,3,0,135,0,0,0,0,0,55,0,3,0,0,88,0,0,0,97,386,0,0,0,0,29.6,23.3,38.3,8.6,0.0,8.3,1012.8,0.0
299,2019-09-29,8465001.0,2019,34,65,6,268,0,5,0,53,6,0,0,211,18,3,73,4,0,130,0,0,0,0,0,59,0,4,0,0,100,0,0,0,82,363,0,0,0,0,29.9,23.9,37.8,2.3,0.0,9.1,1011.8,0.0
300,2019-10-06,8620404.0,2019,48,41,9,263,0,2,0,56,3,0,0,233,24,4,62,3,0,141,0,0,0,0,0,71,0,4,0,0,95,0,0,0,92,338,1,0,0,0,29.5,22.2,37.2,0.5,0.0,7.6,1014.3,0.0
301,2019-10-13,8476609.0,2019,45,37,7,265,1,1,0,57,3,0,0,227,25,4,62,3,0,137,0,0,0,0,0,68,0,4,0,0,96,0,0,0,90,336,0,0,0,0,22.1,8.3,37.2,12.8,0.0,8.9,1016.4,0.0
302,2019-10-20,8723195.0,2019,32,53,7,274,0,3,0,53,2,0,0,224,18,7,60,2,0,128,0,0,0,0,0,53,0,7,0,0,92,0,0,0,96,354,1,0,0,1,23.0,10.6,35.6,28.7,0.0,4.8,1011.9,0.0
303,2019-10-27,8837135.0,2019,31,52,8,275,0,3,0,58,2,0,0,226,18,7,59,2,0,140,0,0,0,0,0,53,0,7,0,0,94,1,0,0,86,356,0,0,0,0,18.1,6.7,30.6,61.5,0.0,8.5,1015.6,0.0
304,2019-11-03,9082776.0,2019,30,46,8,301,1,4,0,62,4,0,0,219,13,8,59,3,0,131,0,0,0,0,0,52,0,6,0,0,98,1,0,0,88,376,0,0,0,0,11.5,-0.5,27.8,3.5,0.0,7.0,1022.3,0.0
305,2019-11-10,8588789.0,2019,30,53,4,277,2,3,0,67,1,0,0,232,24,5,57,1,0,143,0,0,0,0,0,53,0,5,0,0,99,0,0,0,91,363,0,0,0,0,16.8,6.1,29.4,6.1,0.0,5.7,1021.4,0.0
306,2019-11-17,9288436.0,2019,14,61,6,307,0,3,0,84,3,0,0,227,22,8,53,3,0,138,0,0,0,0,1,38,0,7,0,0,113,0,0,0,89,399,0,0,0,1,7.9,-1.0,23.9,5.5,0.0,5.5,1025.0,0.0
307,2019-11-24,9198740.0,2019,29,0,6,277,1,2,0,107,0,0,0,219,19,0,51,0,0,133,0,0,0,0,0,65,0,0,0,0,120,0,0,0,87,306,0,0,0,0,17.0,5.0,28.9,0.0,0.0,6.4,1015.5,0.0
308,2019-12-01,10903031.0,2019,20,35,6,310,0,1,0,103,2,0,0,234,32,4,110,2,0,136,0,0,0,0,0,61,0,4,0,0,173,0,0,0,98,383,0,0,0,1,17.1,8.9,31.1,5.1,0.0,7.7,1014.3,0.0
309,2019-12-08,10642501.0,2019,30,68,8,279,0,1,0,99,2,0,0,238,23,7,96,2,0,150,1,0,0,0,0,63,0,5,0,0,161,1,0,0,88,380,0,0,0,0,15.1,3.9,23.9,0.0,0.0,5.8,1019.5,0.0
310,2019-12-15,9193301.0,2019,21,46,8,279,1,2,0,84,3,0,0,223,35,7,73,1,0,126,0,0,0,0,0,49,0,7,0,0,127,0,0,0,98,374,0,0,0,0,13.2,1.7,28.3,9.4,0.0,5.5,1017.3,0.0
311,2019-12-22,8620617.0,2019,19,5,8,287,0,3,0,100,0,0,0,240,24,1,34,0,0,148,0,0,0,0,0,43,0,1,0,0,112,0,0,0,92,325,0,0,0,0,8.9,-1.0,21.1,9.9,0.0,6.0,1026.0,0.0
